Workbook

Sheet PORTS SUMMARY
A1: POD | B1: (All)
A2: MODEL | B2: (All)
A4: Count of Admin State | B4: Column Labels
B5: down | D5: up | G5: Grand Total
B6: Breake-Out port | C6: down | D6: Breake-Out port | E6: down | F6: up
A7: Row Labels | B7: #N/A | D7: #N/A | F7: none
A8: 9LF_IXT1_10112_01 | C8: 3 | E8: 10 | F8: 41 | G8: 54
A9: 9LF_IXT1_10218_01 | C9: 13 | E9: 74 | F9: 9 | G9: 96
A10: 9LF_IXT1_10218_02 | C10: 3 | E10: 83 | F10: 10 | G10: 96
A11: 9LF_IXT1_10218_03 | C11: 13 | E11: 71 | F11: 12 | G11: 96
A12: 9LF_IXT1_10218_04 | C12: 3 | E12: 78 | F12: 15 | G12: 96
A13: 9LF_IXT1_10318_01 | C13: 1 | E13: 47 | F13: 48 | G13: 96
A14: 9LF_IXT1_10418_01 | C14: 16 | E14: 36 | F14: 44 | G14: 96
A15: 9LF_IXT1_10518_01 | C15: 13 | E15: 44 | F15: 39 | G15: 96
A16: 9LF_IXT1_10618_01 | C16: 12 | E16: 43 | F16: 41 | G16: 96
A17: 9LF_IXT1_10718_01 | C17: 3 | E17: 45 | F17: 48 | G17: 96
A18: 9LF_IXT1_10718_02 | C18: 22 | E18: 1 | F18: 31 | G18: 54
A19: 9LF_IXT1_10718_03 | C19: 22 | F19: 32 | G19: 54
A20: 9LF_IXT1_10818_01 | C20: 4 | E20: 59 | F20: 33 | G20: 96
A21: 9LF_IXT1_10918_01 | C21: 13 | E21: 50 | F21: 33 | G21: 96
A22: 9LF_IXT1_10918_02 | E22: 72 | F22: 24 | G22: 96
A23: 9LF_IXT1_10918_03 | C23: 46 | F23: 8 | G23: 54
A24: 9LF_IXT1_10918_04 | C24: 46 | F24: 8 | G24: 54
A25: 9LF_IXT1_11018_01 | C25: 13 | E25: 52 | F25: 31 | G25: 96
A26: 9LF_IXT1_11018_02 | E26: 77 | F26: 19 | G26: 96
A27: 9LF_IXT1_11118_01 | C27: 18 | E27: 37 | F27: 41 | G27: 96
A28: 9LF_IXT1_11118_02 | E28: 94 | F28: 2 | G28: 96
A29: 9LF_IXT1_11218_01 | C29: 13 | E29: 38 | F29: 45 | G29: 96
A30: 9LF_IXT1_11218_02 | C30: 9 | E30: 85 | F30: 2 | G30: 96
A31: 9LF_IXT1_11318_01 | C31: 22 | E31: 5 | F31: 69 | G31: 96
A32: 9LF_IXT1_11318_02 | C32: 1 | E32: 46 | F32: 7 | G32: 54
A33: 9LF_IXT1_11418_01 | C33: 22 | E33: 10 | F33: 64 | G33: 96
A34: 9LF_IXT1_11418_02 | C34: 1 | E34: 40 | F34: 13 | G34: 54
A35: 9LF_IXT1_11518_01 | C35: 10 | E35: 51 | F35: 35 | G35: 96
A36: 9LF_IXT1_11618_01 | C36: 11 | E36: 52 | F36: 33 | G36: 96
A37: 9LF_IXT1_11718_01 | C37: 1 | E37: 69 | F37: 26 | G37: 96
A38: 9LF_IXT1_20114_01 | C38: 2 | E38: 9 | F38: 43 | G38: 54
A39: 9LF_IXT1_20219_01 | C39: 2 | E39: 68 | F39: 26 | G39: 96
A40: 9LF_IXT1_20219_02 | C40: 1 | E40: 34 | F40: 19 | G40: 54
... A66: 9LF_IXT2_10818_04 | C66: 68 | E66: 1 | F66: 27 | G66: 96
A67: 9LF_IXT2_11118_01 | C67: 46 | F67: 50 | G67: 96
A68: 9LF_IXT2_11118_02 | C68: 47 | E68: 15 | F68: 34 | G68: 96
A69: 9LF_IXT2_11118_03 | C69: 53 | F69: 43 | G69: 96
A70: 9LF_IXT2_11118_04 | C70: 53 | E70: 8 | F70: 35 | G70: 96
A71: 9LF_IXT2_11418_01 | C71: 41 | E71: 1 | F71: 12 | G71: 54
A72: 9LF_IXT2_11418_02 | C72: 42 | F72: 12 | G72: 54
A73: 9LF_IXT2_11418_03 | C73: 8 | E73: 3 | F73: 43 | G73: 54
A74: 9LF_IXT2_11418_04 | C74: 47 | F74: 7 | G74: 54
A75: 9LF_IXT2_11709_01 | D75: 2 | E75: 27 | F75: 15 | G75: 44
A76: 9LF_IXT2_11710_01 | D76: 2 | E76: 27 | F76: 15 | G76: 44
A77: 9LF_IXT2_11718_01 | C77: 30 | E77: 2 | F77: 22 | G77: 54
A78: 9LF_IXT2_11718_02 | C78: 33 | E78: 3 | F78: 18 | G78: 54
A79: 9LF_IXT2_20117_01 | C79: 2 | E79: 15 | F79: 37 | G79: 54
A80: 9LF_IXT2_20217_01 | C80: 10 | E80: 10 | F80: 76 | G80: 96
A81: 9LF_IXT2_20217_02 | C81: 17 | E81: 4 | F81: 75 | G81: 96
A82: 9LF_IXT2_20217_03 | C82: 14 | E82: 11 | F82: 71 | G82: 96
A83: 9LF_IXT2_20217_04 | C83: 13 | E83: 8 | F83: 75 | G83: 96
A84: 9LF_IXT2_20217_05 | C84: 32 | E84: 9 | F84: 55 | G84: 96
A85: 9LF_IXT2_20217_06 | C85: 30 | E85: 12 | F85: 54 | G85: 96
A86: 9LF_IXT2_20517_01 | C86: 22 | E86: 14 | F86: 60 | G86: 96
A87: 9LF_IXT2_20517_02 | C87: 21 | E87: 16 | F87: 59 | G87: 96
A88: 9LF_IXT2_20517_03 | C88: 39 | E88: 11 | F88: 46 | G88: 96
A89: 9LF_IXT2_20517_04 | C89: 24 | E89: 8 | F89: 64 | G89: 96
A90: 9LF_IXT2_20517_05 | E90: 31 | F90: 23 | G90: 54
A91: 9LF_IXT2_20517_06 | C91: 52 | F91: 2 | G91: 54
A92: 9LF_IXT2_20518_01 | E92: 26 | F92: 28 | G92: 54
A93: 9LF_IXT2_20518_02 | E93: 26 | F93: 28 | G93: 54
A94: 9LF_IXT2_20817_01 | C94: 28 | E94: 9 | F94: 59 | G94: 96
A95: 9LF_IXT2_20817_02 | C95: 38 | E95: 9 | F95: 49 | G95: 96
A96: 9LF_IXT2_20817_03 | C96: 23 | E96: 8 | F96: 23 | G96: 54
A97: 9LF_IXT2_20817_04 | C97: 32 | E97: 3 | F97: 19 | G97: 54
A98: 9LF_IXT2_21117_01 | C98: 39 | E98: 6 | F98: 51 | G98: 96
A99: 9LF_IXT2_21117_02 | C99: 44 | E99: 4 | F99: 48 | G99: 96
A100: 9LF_IXT2_21410_01 | C100: 1 | E100: 12 | F100: 41 | G100: 54
A101: 9LF_IXT2_21411_01 | E101: 10 | F101: 44 | G101: 54
A102: 9LF_IXT2_21417_01 | C102: 34 | E102: 2 | F102: 18 | G102: 54
A103: 9LF_IXT2_21417_02 | C103: 35 | E103: 1 | F103: 18 | G103: 54
A104: 9LF_IXT2_21417_03 | C104: 8 | E104: 5 | F104: 41 | G104: 54
A105: 9LF_IXT2_21417_04 | C105: 46 | F105: 8 | G105: 54
A106: 9LF_IXT3_10103_01 | C106: 32 | E106: 1 | F106: 21 | G106: 54
A107: 9LF_IXT3_10104_01 | C107: 31 | E107: 1 | F107: 22 | G107: 54
A108: 9LF_IXT3_10106_01 | C108: 36 | F108: 18 | G108: 54
A109: 9LF_IXT3_10108_01 | C109: 28 | F109: 26 | G109: 54
A110: 9LF_IXT3_10109_01 | C110: 21 | E110: 2 | F110: 31 | G110: 54
A111: 9LF_IXT3_10111_01 | C111: 21 | E111: 2 | F111: 31 | G111: 54
A112: 9LF_IXT3_10112_01 | C112: 21 | E112: 3 | F112: 30 | G112: 54
A113: 9LF_IXT3_10116_01 | C113: 20 | E113: 2 | F113: 32 | G113: 54
A114: 9LF_IXT3_10117_01 | C114: 13 | E114: 8 | F114: 33 | G114: 54
A115: 9LF_IXT3_10117_02 | E115: 48 | F115: 6 | G115: 54
A116: 9LF_IXT3_10118_01 | C116: 13 | E116: 8 | F116: 33 | G116: 54
A117: 9LF_IXT3_10118_02 | E117: 48 | F117: 6 | G117: 54
A118: 9LF_IXT3_10204_01 | C118: 40 | F118: 14 | G118: 54
A119: 9LF_IXT3_10206_01 | C119: 42 | F119: 12 | G119: 54
A120: 9LF_IXT3_10209_01 | C120: 17 | E120: 24 | F120: 13 | G120: 54
A121: 9LF_IXT3_10209_02 | C121: 2 | E121: 40 | F121: 12 | G121: 54
A122: 9LF_IXT3_10211_01 | C122: 5 | E122: 45 | F122: 4 | G122: 54
A123: 9LF_IXT3_10211_02 | E123: 16 | F123: 38 | G123: 54
A124: 9LF_IXT3_10212_01 | C124: 9 | E124: 41 | F124: 4 | G124: 54
A125: 9LF_IXT3_10212_02 | E125: 16 | F125: 38 | G125: 54
A126: 9LF_IXT3_10213_01 | C126: 14 | E126: 28 | F126: 12 | G126: 54
...

Sheet POD 2 SUMMARY
A1: pod | B1: (All)
A2: MODEL | B2: (All)
A4: Count of oper state | B4: Column Labels
A5: Row Labels | B5: down | C5: up | D5: Grand Total
A6: 100G | B6: 990 | C6: 12 | D6: 1002
A7: 100M | B7: 141 | C7: 739 | D7: 880
A8: 10G | B8: 3716 | C8: 5203 | D8: 8919
A9: 1G | B9: 763 | C9: 2525 | D9: 3288
A10: 25G | B10: 2980 | C10: 8 | D10: 2988
A11: 40G | B11: 268 | C11: 1160 | D11: 1428
A12: auto | B12: 17 | D12: 17
A13: Grand Total | B13: 8875 | C13: 9647 | D13: 18522

Sheet CONCENTRATED
A1: NODE | B1: POD | C1: HOSTNAME | D1: PORT | E1: Admin State | F1: Operational State | G1: Reason | H1: Description | I1: MODEL | J1: VPC | K1: VPC2 | L1: ID | M1: PG | N1: ISEL | O1: STATIC PORT | P1: L3OUT | Q1: STATIC PORT P/LEAF | R1: PORTS P/LEAF
A2: 101 | B2: 1 | C2: =VLOOKUP(VALUE(Table5[[#This Row],[NODE]]),LEAF_INFO!B:H,6,0) | D2: eth1/33 | E2: down | F2: down | G2: =VLOOKUP(_xlfn.CONCAT(Table5[[#This Row],[NODE]],Table5[[#This Row],[PORT]]),PORTS_!A:G,7,0) | I2: =VLOOKUP(VALUE(Table5[[#This Row],[NODE]]),LEAF_INFO!B:H,7,0) | J2: =ISNUMBER(SEARCH("vpc-leaf", SUBSTITUTE(LOWER(K2), "_", "-"))) | K2: =_xlfn.IFNA(VLOOKUP(VALUE(Table5[[#This Row],[NODE]]), VPC!A:A, 2, 0), "No está en VPC") | L2: =IF(OR(ISNUMBER(SEARCH("VPC-Leaf", K2)), ISNUMBER(SEARCH("VPC_Leaf", K2))),SUBSTITUTE(SUBSTITUTE(SUBSTITUTE(K2, "VPC-Leaf", ""), "VPC_Leaf", ""), "_", "-"),A2) | M2: =_xlfn.IFNA(VLOOKUP(_xlfn.CONCAT(VALUE(Table5[[#This Row],[NODE]]),Table5[[#This Row],[PORT]]),PG!C:H,6,0),"NO EXISTE PG") | N2: =_xlfn.IFNA(VLOOKUP(_xlfn.CONCAT(VALUE(Table5[[#This Row],[NODE]]),Table5[[#This Row],[PORT]]),PG!C:H,4,0),"NO EXISTE ISEL") | O2: =COUNTIF(Statics!G:G,Table5[[#This Row],[PG]])+COUNTIF(Statics!H:H,_xlfn.CONCAT((Table5[[#This Row],[NODE]]),Table5[[#This Row],[PORT]])) | P2: =_xlfn.IFNA( VLOOKUP(Table5[[#This Row],[PG]], L3OUTS!F:H, 3, 0), _xlfn.IFNA( VLOOKUP(VALUE(Table5[[#This Row],[NODE]]) & Table5[[#This Row],[PORT]], L3OUTS!G:H, 2, 0), _xlfn.IFNA( VLOOKUP(Table5[[#This Row],[PG]], L3OUTS!G:H, 2, 0), "NO TIENE L3OUT" ) ) ) | Q2: =COUNTIF(Statics!F:F,Table5[[#This Row],[ID]])+COUNTIF(Statics!F:F,VALUE(Table5[[#This Row],[NODE]]))
A3: 101 | B3: 1 | C3: =VLOOKUP(VALUE(Table5[[#This Row],[NODE]]),LEAF_INFO!B:H,6,0) | D3: eth1/34 | E3: down | F3: down | G3: =VLOOKUP(_xlfn.CONCAT(Table5[[#This Row],[NODE]],Table5[[#This Row],[PORT]]),PORTS_!A:G,7,0) | I3: =VLOOKUP(VALUE(Table5[[#This Row],[NODE]]),LEAF_INFO!B:H,7,0) | J3: =ISNUMBER(SEARCH("vpc-leaf", SUBSTITUTE(LOWER(K3), "_", "-"))) | K3: =_xlfn.IFNA(VLOOKUP(VALUE(Table5[[#This Row],[NODE]]), VPC!A:A, 2, 0), "No está en VPC") | L3: =IF(OR(ISNUMBER(SEARCH("VPC-Leaf", K3)), ISNUMBER(SEARCH("VPC_Leaf", K3))),SUBSTITUTE(SUBSTITUTE(SUBSTITUTE(K3, "VPC-Leaf", ""), "VPC_Leaf", ""), "_", "-"),A3) | M3: =_xlfn.IFNA(VLOOKUP(_xlfn.CONCAT(VALUE(Table5[[#This Row],[NODE]]),Table5[[#This Row],[PORT]]),PG!C:H,6,0),"NO EXISTE PG") | N3: =_xlfn.IFNA(VLOOKUP(_xlfn.CONCAT(VALUE(Table5[[#This Row],[NODE]]),Table5[[#This Row],[PORT]]),PG!C:H,4,0),"NO EXISTE ISEL") | O3: =COUNTIF(Statics!G:G,Table5[[#This Row],[PG]])+COUNTIF(Statics!H:H,_xlfn.CONCAT((Table5[[#This Row],[NODE]]),Table5[[#This Row],[PORT]])) | P3: =_xlfn.IFNA( VLOOKUP(Table5[[#This Row],[PG]], L3OUTS!F:H, 3, 0), _xlfn.IFNA( VLOOKUP(VALUE(Table5[[#This Row],[NODE]]) & Table5[[#This Row],[PORT]], L3OUTS!G:H, 2, 0), _xlfn.IFNA( VLOOKUP(Table5[[#This Row],[PG]], L3OUTS!G:H, 2, 0), "NO TIENE L3OUT" ) ) ) | Q3: =COUNTIF(Statics!F:F,Table5[[#This Row],[ID]])+COUNTIF(Statics!F:F,VALUE(Table5[[#This Row],[NODE]]))
A4: 101 | B4: 1 | C4: =VLOOKUP(VALUE(Table5[[#This Row],[NODE]]),LEAF_INFO!B:H,6,0) | D4: eth1/35 | E4: down | F4: down | G4: =VLOOKUP(_xlfn.CONCAT(Table5[[#This Row],[NODE]],Table5[[#This Row],[PORT]]),PORTS_!A:G,7,0) | I4: =VLOOKUP(VALUE(Table5[[#This Row],[NODE]]),LEAF_INFO!B:H,7,0) | J4: =ISNUMBER(SEARCH("vpc-leaf", SUBSTITUTE(LOWER(K4), "_", "-"))) | K4: =_xlfn.IFNA(VLOOKUP(VALUE(Table5[[#This Row],[NODE]]), VPC!A:A, 2, 0), "No está en VPC") | L4: =IF(OR(ISNUMBER(SEARCH("VPC-Leaf", K4)), ISNUMBER(SEARCH("VPC_Leaf", K4))),SUBSTITUTE(SUBSTITUTE(SUBSTITUTE(K4, "VPC-Leaf", ""), "VPC_Leaf", ""), "_", "-"),A4) | M4: =_xlfn.IFNA(VLOOKUP(_xlfn.CONCAT(VALUE(Table5[[#This Row],[NODE]]),Table5[[#This Row],[PORT]]),PG!C:H,6,0),"NO EXISTE PG") | N4: =_xlfn.IFNA(VLOOKUP(_xlfn.CONCAT(VALUE(Table5[[#This Row],[NODE]]),Table5[[#This Row],[PORT]]),PG!C:H,4,0),"NO EXISTE ISEL") | O4: =COUNTIF(Statics!G:G,Table5[[#This Row],[PG]])+COUNTIF(Statics!H:H,_xlfn.CONCAT((Table5[[#This Row],[NODE]]),Table5[[#This Row],[PORT]])) | P4: =_xlfn.IFNA( VLOOKUP(Table5[[#This Row],[PG]], L3OUTS!F:H, 3, 0), _xlfn.IFNA( VLOOKUP(VALUE(Table5[[#This Row],[NODE]]) & Table5[[#This Row],[PORT]], L3OUTS!G:H, 2, 0), _xlfn.IFNA( VLOOKUP(Table5[[#This Row],[PG]], L3OUTS!G:H, 2, 0), "NO TIENE L3OUT" ) ) ) | Q4: =COUNTIF(Statics!F:F,Table5[[#This Row],[ID]])+COUNTIF(Statics!F:F,VALUE(Table5[[#This Row],[NODE]]))
A5: 101 | B5: 1 | C5: =VLOOKUP(VALUE(Table5[[#This Row],[NODE]]),LEAF_INFO!B:H,6,0) | D5: eth1/36 | E5: up | F5: up | G5: =VLOOKUP(_xlfn.CONCAT(Table5[[#This Row],[NODE]],Table5[[#This Row],[PORT]]),PORTS_!A:G,7,0) | H5: B2B A SMAC1 | I5: =VLOOKUP(VALUE(Table5[[#This Row],[NODE]]),LEAF_INFO!B:H,7,0) | J5: =ISNUMBER(SEARCH("vpc-leaf", SUBSTITUTE(LOWER(K5), "_", "-"))) | K5: =_xlfn.IFNA(VLOOKUP(VALUE(Table5[[#This Row],[NODE]]), VPC!A:A, 2, 0), "No está en VPC") | L5: =IF(OR(ISNUMBER(SEARCH("VPC-Leaf", K5)), ISNUMBER(SEARCH("VPC_Leaf", K5))),SUBSTITUTE(SUBSTITUTE(SUBSTITUTE(K5, "VPC-Leaf", ""), "VPC_Leaf", ""), "_", "-"),A5) | M5: =_xlfn.IFNA(VLOOKUP(_xlfn.CONCAT(VALUE(Table5[[#This Row],[NODE]]),Table5[[#This Row],[PORT]]),PG!C:H,6,0),"NO EXISTE PG") | N5: =_xlfn.IFNA(VLOOKUP(_xlfn.CONCAT(VALUE(Table5[[#This Row],[NODE]]),Table5[[#This Row],[PORT]]),PG!C:H,4,0),"NO EXISTE ISEL") | O5: =COUNTIF(Statics!G:G,Table5[[#This Row],[PG]])+COUNTIF(Statics!H:H,_xlfn.CONCAT((Table5[[#This Row],[NODE]]),Table5[[#This Row],[PORT]])) | P5: =_xlfn.IFNA( VLOOKUP(Table5[[#This Row],[PG]], L3OUTS!F:H, 3, 0), _xlfn.IFNA( VLOOKUP(VALUE(Table5[[#This Row],[NODE]]) & Table5[[#This Row],[PORT]], L3OUTS!G:H, 2, 0), _xlfn.IFNA( VLOOKUP(Table5[[#This Row],[PG]], L3OUTS!G:H, 2, 0), "NO TIENE L3OUT" ) ) ) | Q5: =COUNTIF(Statics!F:F,Table5[[#This Row],[ID]])+COUNTIF(Statics!F:F,VALUE(Table5[[#This Row],[NODE]]))
A6: 101 | B6: 1 | C6: =VLOOKUP(VALUE(Table5[[#This Row],[NODE]]),LEAF_INFO!B:H,6,0) | D6: eth1/37 | E6: down | F6: down | G6: =VLOOKUP(_xlfn.CONCAT(Table5[[#This Row],[NODE]],Table5[[#This Row],[PORT]]),PORTS_!A:G,7,0) | I6: =VLOOKUP(VALUE(Table5[[#This Row],[NODE]]),LEAF_INFO!B:H,7,0) | J6: =ISNUMBER(SEARCH("vpc-leaf", SUBSTITUTE(LOWER(K6), "_", "-"))) | K6: =_xlfn.IFNA(VLOOKUP(VALUE(Table5[[#This Row],[NODE]]), VPC!A:A, 2, 0), "No está en VPC") | L6: =IF(OR(ISNUMBER(SEARCH("VPC-Leaf", K6)), ISNUMBER(SEARCH("VPC_Leaf", K6))),SUBSTITUTE(SUBSTITUTE(SUBSTITUTE(K6, "VPC-Leaf", ""), "VPC_Leaf", ""), "_", "-"),A6) | M6: =_xlfn.IFNA(VLOOKUP(_xlfn.CONCAT(VALUE(Table5[[#This Row],[NODE]]),Table5[[#This Row],[PORT]]),PG!C:H,6,0),"NO EXISTE PG") | N6: =_xlfn.IFNA(VLOOKUP(_xlfn.CONCAT(VALUE(Table5[[#This Row],[NODE]]),Table5[[#This Row],[PORT]]),PG!C:H,4,0),"NO EXISTE ISEL") | O6: =COUNTIF(Statics!G:G,Table5[[#This Row],[PG]])+COUNTIF(Statics!H:H,_xlfn.CONCAT((Table5[[#This Row],[NODE]]),Table5[[#This Row],[PORT]])) | P6: =_xlfn.IFNA( VLOOKUP(Table5[[#This Row],[PG]], L3OUTS!F:H, 3, 0), _xlfn.IFNA( VLOOKUP(VALUE(Table5[[#This Row],[NODE]]) & Table5[[#This Row],[PORT]], L3OUTS!G:H, 2, 0), _xlfn.IFNA( VLOOKUP(Table5[[#This Row],[PG]], L3OUTS!G:H, 2, 0), "NO TIENE L3OUT" ) ) ) | Q6: =COUNTIF(Statics!F:F,Table5[[#This Row],[ID]])+COUNTIF(Statics!F:F,VALUE(Table5[[#This Row],[NODE]]))
A7: 101 | B7: 1 | C7: =VLOOKUP(VALUE(Table5[[#This Row],[NODE]]),LEAF_INFO!B:H,6,0) | D7: eth1/38 | E7: up | F7: up | G7: =VLOOKUP(_xlfn.CONCAT(Table5[[#This Row],[NODE]],Table5[[#This Row],[PORT]]),PORTS_!A:G,7,0) | H7: HACIA RMAC1 BUNDLE110 | I7: =VLOOKUP(VALUE(Table5[[#This Row],[NODE]]),LEAF_INFO!B:H,7,0) | J7: =ISNUMBER(SEARCH("vpc-leaf", SUBSTITUTE(LOWER(K7), "_", "-"))) | K7: =_xlfn.IFNA(VLOOKUP(VALUE(Table5[[#This Row],[NODE]]), VPC!A:A, 2, 0), "No está en VPC") | L7: =IF(OR(ISNUMBER(SEARCH("VPC-Leaf", K7)), ISNUMBER(SEARCH("VPC_Leaf", K7))),SUBSTITUTE(SUBSTITUTE(SUBSTITUTE(K7, "VPC-Leaf", ""), "VPC_Leaf", ""), "_", "-"),A7) | M7: =_xlfn.IFNA(VLOOKUP(_xlfn.CONCAT(VALUE(Table5[[#This Row],[NODE]]),Table5[[#This Row],[PORT]]),PG!C:H,6,0),"NO EXISTE PG") | N7: =_xlfn.IFNA(VLOOKUP(_xlfn.CONCAT(VALUE(Table5[[#This Row],[NODE]]),Table5[[#This Row],[PORT]]),PG!C:H,4,0),"NO EXISTE ISEL") | O7: =COUNTIF(Statics!G:G,Table5[[#This Row],[PG]])+COUNTIF(Statics!H:H,_xlfn.CONCAT((Table5[[#This Row],[NODE]]),Table5[[#This Row],[PORT]])) | P7: =_xlfn.IFNA( VLOOKUP(Table5[[#This Row],[PG]], L3OUTS!F:H, 3, 0), _xlfn.IFNA( VLOOKUP(VALUE(Table5[[#This Row],[NODE]]) & Table5[[#This Row],[PORT]], L3OUTS!G:H, 2, 0), _xlfn.IFNA( VLOOKUP(Table5[[#This Row],[PG]], L3OUTS!G:H, 2, 0), "NO TIENE L3OUT" ) ) ) | Q7: =COUNTIF(Statics!F:F,Table5[[#This Row],[ID]])+COUNTIF(Statics!F:F,VALUE(Table5[[#This Row],[NODE]]))
A8: 101 | B8: 1 | C8: =VLOOKUP(VALUE(Table5[[#This Row],[NODE]]),LEAF_INFO!B:H,6,0) | D8: eth1/39 | E8: down | F8: down | G8: =VLOOKUP(_xlfn.CONCAT(Table5[[#This Row],[NODE]],Table5[[#This Row],[PORT]]),PORTS_!A:G,7,0) | I8: =VLOOKUP(VALUE(Table5[[#This Row],[NODE]]),LEAF_INFO!B:H,7,0) | J8: =ISNUMBER(SEARCH("vpc-leaf", SUBSTITUTE(LOWER(K8), "_", "-"))) | K8: =_xlfn.IFNA(VLOOKUP(VALUE(Table5[[#This Row],[NODE]]), VPC!A:A, 2, 0), "No está en VPC") | L8: =IF(OR(ISNUMBER(SEARCH("VPC-Leaf", K8)), ISNUMBER(SEARCH("VPC_Leaf", K8))),SUBSTITUTE(SUBSTITUTE(SUBSTITUTE(K8, "VPC-Leaf", ""), "VPC_Leaf", ""), "_", "-"),A8) | M8: =_xlfn.IFNA(VLOOKUP(_xlfn.CONCAT(VALUE(Table5[[#This Row],[NODE]]),Table5[[#This Row],[PORT]]),PG!C:H,6,0),"NO EXISTE PG") | N8: =_xlfn.IFNA(VLOOKUP(_xlfn.CONCAT(VALUE(Table5[[#This Row],[NODE]]),Table5[[#This Row],[PORT]]),PG!C:H,4,0),"NO EXISTE ISEL") | O8: =COUNTIF(Statics!G:G,Table5[[#This Row],[PG]])+COUNTIF(Statics!H:H,_xlfn.CONCAT((Table5[[#This Row],[NODE]]),Table5[[#This Row],[PORT]])) | P8: =_xlfn.IFNA( VLOOKUP(Table5[[#This Row],[PG]], L3OUTS!F:H, 3, 0), _xlfn.IFNA( VLOOKUP(VALUE(Table5[[#This Row],[NODE]]) & Table5[[#This Row],[PORT]], L3OUTS!G:H, 2, 0), _xlfn.IFNA( VLOOKUP(Table5[[#This Row],[PG]], L3OUTS!G:H, 2, 0), "NO TIENE L3OUT" ) ) ) | Q8: =COUNTIF(Statics!F:F,Table5[[#This Row],[ID]])+COUNTIF(Statics!F:F,VALUE(Table5[[#This Row],[NODE]]))
A9: 101 | B9: 1 | C9: =VLOOKUP(VALUE(Table5[[#This Row],[NODE]]),LEAF_INFO!B:H,6,0) | D9: eth1/40 | E9: up | F9: up | G9: =VLOOKUP(_xlfn.CONCAT(Table5[[#This Row],[NODE]],Table5[[#This Row],[PORT]]),PORTS_!A:G,7,0) | H9: A 2R_MAC_MXINGEN_1 | B2B | UP-LINK SERVICIOS | I9: =VLOOKUP(VALUE(Table5[[#This Row],[NODE]]),LEAF_INFO!B:H,7,0) | J9: =ISNUMBER(SEARCH("vpc-leaf", SUBSTITUTE(LOWER(K9), "_", "-"))) | K9: =_xlfn.IFNA(VLOOKUP(VALUE(Table5[[#This Row],[NODE]]), VPC!A:A, 2, 0), "No está en VPC") | L9: =IF(OR(ISNUMBER(SEARCH("VPC-Leaf", K9)), ISNUMBER(SEARCH("VPC_Leaf", K9))),SUBSTITUTE(SUBSTITUTE(SUBSTITUTE(K9, "VPC-Leaf", ""), "VPC_Leaf", ""), "_", "-"),A9) | M9: =_xlfn.IFNA(VLOOKUP(_xlfn.CONCAT(VALUE(Table5[[#This Row],[NODE]]),Table5[[#This Row],[PORT]]),PG!C:H,6,0),"NO EXISTE PG") | N9: =_xlfn.IFNA(VLOOKUP(_xlfn.CONCAT(VALUE(Table5[[#This Row],[NODE]]),Table5[[#This Row],[PORT]]),PG!C:H,4,0),"NO EXISTE ISEL") | O9: =COUNTIF(Statics!G:G,Table5[[#This Row],[PG]])+COUNTIF(Statics!H:H,_xlfn.CONCAT((Table5[[#This Row],[NODE]]),Table5[[#This Row],[PORT]])) | P9: =_xlfn.IFNA( VLOOKUP(Table5[[#This Row],[PG]], L3OUTS!F:H, 3, 0), _xlfn.IFNA( VLOOKUP(VALUE(Table5[[#This Row],[NODE]]) & Table5[[#This Row],[PORT]], L3OUTS!G:H, 2, 0), _xlfn.IFNA( VLOOKUP(Table5[[#This Row],[PG]], L3OUTS!G:H, 2, 0), "NO TIENE L3OUT" ) ) ) | Q9: =COUNTIF(Statics!F:F,Table5[[#This Row],[ID]])+COUNTIF(Statics!F:F,VALUE(Table5[[#This Row],[NODE]]))
A10: 101 | B10: 1 | C10: =VLOOKUP(VALUE(Table5[[#This Row],[NODE]]),LEAF_INFO!B:H,6,0) | D10: eth1/41 | E10: up | F10: up | G10: =VLOOKUP(_xlfn.CONCAT(Table5[[#This Row],[NODE]],Table5[[#This Row],[PORT]]),PORTS_!A:G,7,0) | H10: LINK_GESTION | I10: =VLOOKUP(VALUE(Table5[[#This Row],[NODE]]),LEAF_INFO!B:H,7,0) | J10: =ISNUMBER(SEARCH("vpc-leaf", SUBSTITUTE(LOWER(K10), "_", "-"))) | K10: =_xlfn.IFNA(VLOOKUP(VALUE(Table5[[#This Row],[NODE]]), VPC!A:A, 2, 0), "No está en VPC") | L10: =IF(OR(ISNUMBER(SEARCH("VPC-Leaf", K10)), ISNUMBER(SEARCH("VPC_Leaf", K10))),SUBSTITUTE(SUBSTITUTE(SUBSTITUTE(K10, "VPC-Leaf", ""), "VPC_Leaf", ""), "_", "-"),A10) | M10: =_xlfn.IFNA(VLOOKUP(_xlfn.CONCAT(VALUE(Table5[[#This Row],[NODE]]),Table5[[#This Row],[PORT]]),PG!C:H,6,0),"NO EXISTE PG") | N10: =_xlfn.IFNA(VLOOKUP(_xlfn.CONCAT(VALUE(Table5[[#This Row],[NODE]]),Table5[[#This Row],[PORT]]),PG!C:H,4,0),"NO EXISTE ISEL") | O10: =COUNTIF(Statics!G:G,Table5[[#This Row],[PG]])+COUNTIF(Statics!H:H,_xlfn.CONCAT((Table5[[#This Row],[NODE]]),Table5[[#This Row],[PORT]])) | P10: =_xlfn.IFNA( VLOOKUP(Table5[[#This Row],[PG]], L3OUTS!F:H, 3, 0), _xlfn.IFNA( VLOOKUP(VALUE(Table5[[#This Row],[NODE]]) & Table5[[#This Row],[PORT]], L3OUTS!G:H, 2, 0), _xlfn.IFNA( VLOOKUP(Table5[[#This Row],[PG]], L3OUTS!G:H, 2, 0), "NO TIENE L3OUT" ) ) ) | Q10: =COUNTIF(Statics!F:F,Table5[[#This Row],[ID]])+COUNTIF(Statics!F:F,VALUE(Table5[[#This Row],[NODE]]))
A11: 101 | B11: 1 | C11: =VLOOKUP(VALUE(Table5[[#This Row],[NODE]]),LEAF_INFO!B:H,6,0) | D11: eth1/42 | E11: down | F11: down | G11: =VLOOKUP(_xlfn.CONCAT(Table5[[#This Row],[NODE]],Table5[[#This Row],[PORT]]),PORTS_!A:G,7,0) | I11: =VLOOKUP(VALUE(Table5[[#This Row],[NODE]]),LEAF_INFO!B:H,7,0) | J11: =ISNUMBER(SEARCH("vpc-leaf", SUBSTITUTE(LOWER(K11), "_", "-"))) | K11: =_xlfn.IFNA(VLOOKUP(VALUE(Table5[[#This Row],[NODE]]), VPC!A:A, 2, 0), "No está en VPC") | L11: =IF(OR(ISNUMBER(SEARCH("VPC-Leaf", K11)), ISNUMBER(SEARCH("VPC_Leaf", K11))),SUBSTITUTE(SUBSTITUTE(SUBSTITUTE(K11, "VPC-Leaf", ""), "VPC_Leaf", ""), "_", "-"),A11) | M11: =_xlfn.IFNA(VLOOKUP(_xlfn.CONCAT(VALUE(Table5[[#This Row],[NODE]]),Table5[[#This Row],[PORT]]),PG!C:H,6,0),"NO EXISTE PG") | N11: =_xlfn.IFNA(VLOOKUP(_xlfn.CONCAT(VALUE(Table5[[#This Row],[NODE]]),Table5[[#This Row],[PORT]]),PG!C:H,4,0),"NO EXISTE ISEL") | O11: =COUNTIF(Statics!G:G,Table5[[#This Row],[PG]])+COUNTIF(Statics!H:H,_xlfn.CONCAT((Table5[[#This Row],[NODE]]),Table5[[#This Row],[PORT]])) | P11: =_xlfn.IFNA( VLOOKUP(Table5[[#This Row],[PG]], L3OUTS!F:H, 3, 0), _xlfn.IFNA( VLOOKUP(VALUE(Table5[[#This Row],[NODE]]) & Table5[[#This Row],[PORT]], L3OUTS!G:H, 2, 0), _xlfn.IFNA( VLOOKUP(Table5[[#This Row],[PG]], L3OUTS!G:H, 2, 0), "NO TIENE L3OUT" ) ) ) | Q11: =COUNTIF(Statics!F:F,Table5[[#This Row],[ID]])+COUNTIF(Statics!F:F,VALUE(Table5[[#This Row],[NODE]]))
A12: 101 | B12: 1 | C12: =VLOOKUP(VALUE(Table5[[#This Row],[NODE]]),LEAF_INFO!B:H,6,0) | D12: eth1/43 | E12: down | F12: down | G12: =VLOOKUP(_xlfn.CONCAT(Table5[[#This Row],[NODE]],Table5[[#This Row],[PORT]]),PORTS_!A:G,7,0) | I12: =VLOOKUP(VALUE(Table5[[#This Row],[NODE]]),LEAF_INFO!B:H,7,0) | J12: =ISNUMBER(SEARCH("vpc-leaf", SUBSTITUTE(LOWER(K12), "_", "-"))) | K12: =_xlfn.IFNA(VLOOKUP(VALUE(Table5[[#This Row],[NODE]]), VPC!A:A, 2, 0), "No está en VPC") | L12: =IF(OR(ISNUMBER(SEARCH("VPC-Leaf", K12)), ISNUMBER(SEARCH("VPC_Leaf", K12))),SUBSTITUTE(SUBSTITUTE(SUBSTITUTE(K12, "VPC-Leaf", ""), "VPC_Leaf", ""), "_", "-"),A12) | M12: =_xlfn.IFNA(VLOOKUP(_xlfn.CONCAT(VALUE(Table5[[#This Row],[NODE]]),Table5[[#This Row],[PORT]]),PG!C:H,6,0),"NO EXISTE PG") | N12: =_xlfn.IFNA(VLOOKUP(_xlfn.CONCAT(VALUE(Table5[[#This Row],[NODE]]),Table5[[#This Row],[PORT]]),PG!C:H,4,0),"NO EXISTE ISEL") | O12: =COUNTIF(Statics!G:G,Table5[[#This Row],[PG]])+COUNTIF(Statics!H:H,_xlfn.CONCAT((Table5[[#This Row],[NODE]]),Table5[[#This Row],[PORT]])) | P12: =_xlfn.IFNA( VLOOKUP(Table5[[#This Row],[PG]], L3OUTS!F:H, 3, 0), _xlfn.IFNA( VLOOKUP(VALUE(Table5[[#This Row],[NODE]]) & Table5[[#This Row],[PORT]], L3OUTS!G:H, 2, 0), _xlfn.IFNA( VLOOKUP(Table5[[#This Row],[PG]], L3OUTS!G:H, 2, 0), "NO TIENE L3OUT" ) ) ) | Q12: =COUNTIF(Statics!F:F,Table5[[#This Row],[ID]])+COUNTIF(Statics!F:F,VALUE(Table5[[#This Row],[NODE]]))
A13: 101 | B13: 1 | C13: =VLOOKUP(VALUE(Table5[[#This Row],[NODE]]),LEAF_INFO!B:H,6,0) | D13: eth1/44 | E13: down | F13: down | G13: =VLOOKUP(_xlfn.CONCAT(Table5[[#This Row],[NODE]],Table5[[#This Row],[PORT]]),PORTS_!A:G,7,0) | I13: =VLOOKUP(VALUE(Table5[[#This Row],[NODE]]),LEAF_INFO!B:H,7,0) | J13: =ISNUMBER(SEARCH("vpc-leaf", SUBSTITUTE(LOWER(K13), "_", "-"))) | K13: =_xlfn.IFNA(VLOOKUP(VALUE(Table5[[#This Row],[NODE]]), VPC!A:A, 2, 0), "No está en VPC") | L13: =IF(OR(ISNUMBER(SEARCH("VPC-Leaf", K13)), ISNUMBER(SEARCH("VPC_Leaf", K13))),SUBSTITUTE(SUBSTITUTE(SUBSTITUTE(K13, "VPC-Leaf", ""), "VPC_Leaf", ""), "_", "-"),A13) | M13: =_xlfn.IFNA(VLOOKUP(_xlfn.CONCAT(VALUE(Table5[[#This Row],[NODE]]),Table5[[#This Row],[PORT]]),PG!C:H,6,0),"NO EXISTE PG") | N13: =_xlfn.IFNA(VLOOKUP(_xlfn.CONCAT(VALUE(Table5[[#This Row],[NODE]]),Table5[[#This Row],[PORT]]),PG!C:H,4,0),"NO EXISTE ISEL") | O13: =COUNTIF(Statics!G:G,Table5[[#This Row],[PG]])+COUNTIF(Statics!H:H,_xlfn.CONCAT((Table5[[#This Row],[NODE]]),Table5[[#This Row],[PORT]])) | P13: =_xlfn.IFNA( VLOOKUP(Table5[[#This Row],[PG]], L3OUTS!F:H, 3, 0), _xlfn.IFNA( VLOOKUP(VALUE(Table5[[#This Row],[NODE]]) & Table5[[#This Row],[PORT]], L3OUTS!G:H, 2, 0), _xlfn.IFNA( VLOOKUP(Table5[[#This Row],[PG]], L3OUTS!G:H, 2, 0), "NO TIENE L3OUT" ) ) ) | Q13: =COUNTIF(Statics!F:F,Table5[[#This Row],[ID]])+COUNTIF(Statics!F:F,VALUE(Table5[[#This Row],[NODE]]))
A14: 101 | B14: 1 | C14: =VLOOKUP(VALUE(Table5[[#This Row],[NODE]]),LEAF_INFO!B:H,6,0) | D14: eth1/45 | E14: up | F14: up | G14: =VLOOKUP(_xlfn.CONCAT(Table5[[#This Row],[NODE]],Table5[[#This Row],[PORT]]),PORTS_!A:G,7,0) | H14: HACIA RMAC1 BUNDLE110 | I14: =VLOOKUP(VALUE(Table5[[#This Row],[NODE]]),LEAF_INFO!B:H,7,0) | J14: =ISNUMBER(SEARCH("vpc-leaf", SUBSTITUTE(LOWER(K14), "_", "-"))) | K14: =_xlfn.IFNA(VLOOKUP(VALUE(Table5[[#This Row],[NODE]]), VPC!A:A, 2, 0), "No está en VPC") | L14: =IF(OR(ISNUMBER(SEARCH("VPC-Leaf", K14)), ISNUMBER(SEARCH("VPC_Leaf", K14))),SUBSTITUTE(SUBSTITUTE(SUBSTITUTE(K14, "VPC-Leaf", ""), "VPC_Leaf", ""), "_", "-"),A14) | M14: =_xlfn.IFNA(VLOOKUP(_xlfn.CONCAT(VALUE(Table5[[#This Row],[NODE]]),Table5[[#This Row],[PORT]]),PG!C:H,6,0),"NO EXISTE PG") | N14: =_xlfn.IFNA(VLOOKUP(_xlfn.CONCAT(VALUE(Table5[[#This Row],[NODE]]),Table5[[#This Row],[PORT]]),PG!C:H,4,0),"NO EXISTE ISEL") | O14: =COUNTIF(Statics!G:G,Table5[[#This Row],[PG]])+COUNTIF(Statics!H:H,_xlfn.CONCAT((Table5[[#This Row],[NODE]]),Table5[[#This Row],[PORT]])) | P14: =_xlfn.IFNA( VLOOKUP(Table5[[#This Row],[PG]], L3OUTS!F:H, 3, 0), _xlfn.IFNA( VLOOKUP(VALUE(Table5[[#This Row],[NODE]]) & Table5[[#This Row],[PORT]], L3OUTS!G:H, 2, 0), _xlfn.IFNA( VLOOKUP(Table5[[#This Row],[PG]], L3OUTS!G:H, 2, 0), "NO TIENE L3OUT" ) ) ) | Q14: =COUNTIF(Statics!F:F,Table5[[#This Row],[ID]])+COUNTIF(Statics!F:F,VALUE(Table5[[#This Row],[NODE]]))
A15: 101 | B15: 1 | C15: =VLOOKUP(VALUE(Table5[[#This Row],[NODE]]),LEAF_INFO!B:H,6,0) | D15: eth1/46 | E15: up | F15: up | G15: =VLOOKUP(_xlfn.CONCAT(Table5[[#This Row],[NODE]],Table5[[#This Row],[PORT]]),PORTS_!A:G,7,0) | H15: LINK_HACIA_APIC | I15: =VLOOKUP(VALUE(Table5[[#This Row],[NODE]]),LEAF_INFO!B:H,7,0) | J15: =ISNUMBER(SEARCH("vpc-leaf", SUBSTITUTE(LOWER(K15), "_", "-"))) | K15: =_xlfn.IFNA(VLOOKUP(VALUE(Table5[[#This Row],[NODE]]), VPC!A:A, 2, 0), "No está en VPC") | L15: =IF(OR(ISNUMBER(SEARCH("VPC-Leaf", K15)), ISNUMBER(SEARCH("VPC_Leaf", K15))),SUBSTITUTE(SUBSTITUTE(SUBSTITUTE(K15, "VPC-Leaf", ""), "VPC_Leaf", ""), "_", "-"),A15) | M15: =_xlfn.IFNA(VLOOKUP(_xlfn.CONCAT(VALUE(Table5[[#This Row],[NODE]]),Table5[[#This Row],[PORT]]),PG!C:H,6,0),"NO EXISTE PG") | N15: =_xlfn.IFNA(VLOOKUP(_xlfn.CONCAT(VALUE(Table5[[#This Row],[NODE]]),Table5[[#This Row],[PORT]]),PG!C:H,4,0),"NO EXISTE ISEL") | O15: =COUNTIF(Statics!G:G,Table5[[#This Row],[PG]])+COUNTIF(Statics!H:H,_xlfn.CONCAT((Table5[[#This Row],[NODE]]),Table5[[#This Row],[PORT]])) | P15: =_xlfn.IFNA( VLOOKUP(Table5[[#This Row],[PG]], L3OUTS!F:H, 3, 0), _xlfn.IFNA( VLOOKUP(VALUE(Table5[[#This Row],[NODE]]) & Table5[[#This Row],[PORT]], L3OUTS!G:H, 2, 0), _xlfn.IFNA( VLOOKUP(Table5[[#This Row],[PG]], L3OUTS!G:H, 2, 0), "NO TIENE L3OUT" ) ) ) | Q15: =COUNTIF(Statics!F:F,Table5[[#This Row],[ID]])+COUNTIF(Statics!F:F,VALUE(Table5[[#This Row],[NODE]]))
A16: 101 | B16: 1 | C16: =VLOOKUP(VALUE(Table5[[#This Row],[NODE]]),LEAF_INFO!B:H,6,0) | D16: eth1/47 | E16: up | F16: up | G16: =VLOOKUP(_xlfn.CONCAT(Table5[[#This Row],[NODE]],Table5[[#This Row],[PORT]]),PORTS_!A:G,7,0) | H16: LINK_HACIA_APIC | I16: =VLOOKUP(VALUE(Table5[[#This Row],[NODE]]),LEAF_INFO!B:H,7,0) | J16: =ISNUMBER(SEARCH("vpc-leaf", SUBSTITUTE(LOWER(K16), "_", "-"))) | K16: =_xlfn.IFNA(VLOOKUP(VALUE(Table5[[#This Row],[NODE]]), VPC!A:A, 2, 0), "No está en VPC") | L16: =IF(OR(ISNUMBER(SEARCH("VPC-Leaf", K16)), ISNUMBER(SEARCH("VPC_Leaf", K16))),SUBSTITUTE(SUBSTITUTE(SUBSTITUTE(K16, "VPC-Leaf", ""), "VPC_Leaf", ""), "_", "-"),A16) | M16: =_xlfn.IFNA(VLOOKUP(_xlfn.CONCAT(VALUE(Table5[[#This Row],[NODE]]),Table5[[#This Row],[PORT]]),PG!C:H,6,0),"NO EXISTE PG") | N16: =_xlfn.IFNA(VLOOKUP(_xlfn.CONCAT(VALUE(Table5[[#This Row],[NODE]]),Table5[[#This Row],[PORT]]),PG!C:H,4,0),"NO EXISTE ISEL") | O16: =COUNTIF(Statics!G:G,Table5[[#This Row],[PG]])+COUNTIF(Statics!H:H,_xlfn.CONCAT((Table5[[#This Row],[NODE]]),Table5[[#This Row],[PORT]])) | P16: =_xlfn.IFNA( VLOOKUP(Table5[[#This Row],[PG]], L3OUTS!F:H, 3, 0), _xlfn.IFNA( VLOOKUP(VALUE(Table5[[#This Row],[NODE]]) & Table5[[#This Row],[PORT]], L3OUTS!G:H, 2, 0), _xlfn.IFNA( VLOOKUP(Table5[[#This Row],[PG]], L3OUTS!G:H, 2, 0), "NO TIENE L3OUT" ) ) ) | Q16: =COUNTIF(Statics!F:F,Table5[[#This Row],[ID]])+COUNTIF(Statics!F:F,VALUE(Table5[[#This Row],[NODE]]))
A17: 101 | B17: 1 | C17: =VLOOKUP(VALUE(Table5[[#This Row],[NODE]]),LEAF_INFO!B:H,6,0) | D17: eth1/48 | E17: up | F17: up | G17: =VLOOKUP(_xlfn.CONCAT(Table5[[#This Row],[NODE]],Table5[[#This Row],[PORT]]),PORTS_!A:G,7,0) | H17: LINK_HACIA_APIC | I17: =VLOOKUP(VALUE(Table5[[#This Row],[NODE]]),LEAF_INFO!B:H,7,0) | J17: =ISNUMBER(SEARCH("vpc-leaf", SUBSTITUTE(LOWER(K17), "_", "-"))) | K17: =_xlfn.IFNA(VLOOKUP(VALUE(Table5[[#This Row],[NODE]]), VPC!A:A, 2, 0), "No está en VPC") | L17: =IF(OR(ISNUMBER(SEARCH("VPC-Leaf", K17)), ISNUMBER(SEARCH("VPC_Leaf", K17))),SUBSTITUTE(SUBSTITUTE(SUBSTITUTE(K17, "VPC-Leaf", ""), "VPC_Leaf", ""), "_", "-"),A17) | M17: =_xlfn.IFNA(VLOOKUP(_xlfn.CONCAT(VALUE(Table5[[#This Row],[NODE]]),Table5[[#This Row],[PORT]]),PG!C:H,6,0),"NO EXISTE PG") | N17: =_xlfn.IFNA(VLOOKUP(_xlfn.CONCAT(VALUE(Table5[[#This Row],[NODE]]),Table5[[#This Row],[PORT]]),PG!C:H,4,0),"NO EXISTE ISEL") | O17: =COUNTIF(Statics!G:G,Table5[[#This Row],[PG]])+COUNTIF(Statics!H:H,_xlfn.CONCAT((Table5[[#This Row],[NODE]]),Table5[[#This Row],[PORT]])) | P17: =_xlfn.IFNA( VLOOKUP(Table5[[#This Row],[PG]], L3OUTS!F:H, 3, 0), _xlfn.IFNA( VLOOKUP(VALUE(Table5[[#This Row],[NODE]]) & Table5[[#This Row],[PORT]], L3OUTS!G:H, 2, 0), _xlfn.IFNA( VLOOKUP(Table5[[#This Row],[PG]], L3OUTS!G:H, 2, 0), "NO TIENE L3OUT" ) ) ) | Q17: =COUNTIF(Statics!F:F,Table5[[#This Row],[ID]])+COUNTIF(Statics!F:F,VALUE(Table5[[#This Row],[NODE]]))
A18: 101 | B18: 1 | C18: =VLOOKUP(VALUE(Table5[[#This Row],[NODE]]),LEAF_INFO!B:H,6,0) | D18: eth1/49 | E18: down | F18: down | G18: =VLOOKUP(_xlfn.CONCAT(Table5[[#This Row],[NODE]],Table5[[#This Row],[PORT]]),PORTS_!A:G,7,0) | I18: =VLOOKUP(VALUE(Table5[[#This Row],[NODE]]),LEAF_INFO!B:H,7,0) | J18: =ISNUMBER(SEARCH("vpc-leaf", SUBSTITUTE(LOWER(K18), "_", "-"))) | K18: =_xlfn.IFNA(VLOOKUP(VALUE(Table5[[#This Row],[NODE]]), VPC!A:A, 2, 0), "No está en VPC") | L18: =IF(OR(ISNUMBER(SEARCH("VPC-Leaf", K18)), ISNUMBER(SEARCH("VPC_Leaf", K18))),SUBSTITUTE(SUBSTITUTE(SUBSTITUTE(K18, "VPC-Leaf", ""), "VPC_Leaf", ""), "_", "-"),A18) | M18: =_xlfn.IFNA(VLOOKUP(_xlfn.CONCAT(VALUE(Table5[[#This Row],[NODE]]),Table5[[#This Row],[PORT]]),PG!C:H,6,0),"NO EXISTE PG") | N18: =_xlfn.IFNA(VLOOKUP(_xlfn.CONCAT(VALUE(Table5[[#This Row],[NODE]]),Table5[[#This Row],[PORT]]),PG!C:H,4,0),"NO EXISTE ISEL") | O18: =COUNTIF(Statics!G:G,Table5[[#This Row],[PG]])+COUNTIF(Statics!H:H,_xlfn.CONCAT((Table5[[#This Row],[NODE]]),Table5[[#This Row],[PORT]])) | P18: =_xlfn.IFNA( VLOOKUP(Table5[[#This Row],[PG]], L3OUTS!F:H, 3, 0), _xlfn.IFNA( VLOOKUP(VALUE(Table5[[#This Row],[NODE]]) & Table5[[#This Row],[PORT]], L3OUTS!G:H, 2, 0), _xlfn.IFNA( VLOOKUP(Table5[[#This Row],[PG]], L3OUTS!G:H, 2, 0), "NO TIENE L3OUT" ) ) ) | Q18: =COUNTIF(Statics!F:F,Table5[[#This Row],[ID]])+COUNTIF(Statics!F:F,VALUE(Table5[[#This Row],[NODE]]))
A19: 101 | B19: 1 | C19: =VLOOKUP(VALUE(Table5[[#This Row],[NODE]]),LEAF_INFO!B:H,6,0) | D19: eth1/50 | E19: down | F19: down | G19: =VLOOKUP(_xlfn.CONCAT(Table5[[#This Row],[NODE]],Table5[[#This Row],[PORT]]),PORTS_!A:G,7,0) | I19: =VLOOKUP(VALUE(Table5[[#This Row],[NODE]]),LEAF_INFO!B:H,7,0) | J19: =ISNUMBER(SEARCH("vpc-leaf", SUBSTITUTE(LOWER(K19), "_", "-"))) | K19: =_xlfn.IFNA(VLOOKUP(VALUE(Table5[[#This Row],[NODE]]), VPC!A:A, 2, 0), "No está en VPC") | L19: =IF(OR(ISNUMBER(SEARCH("VPC-Leaf", K19)), ISNUMBER(SEARCH("VPC_Leaf", K19))),SUBSTITUTE(SUBSTITUTE(SUBSTITUTE(K19, "VPC-Leaf", ""), "VPC_Leaf", ""), "_", "-"),A19) | M19: =_xlfn.IFNA(VLOOKUP(_xlfn.CONCAT(VALUE(Table5[[#This Row],[NODE]]),Table5[[#This Row],[PORT]]),PG!C:H,6,0),"NO EXISTE PG") | N19: =_xlfn.IFNA(VLOOKUP(_xlfn.CONCAT(VALUE(Table5[[#This Row],[NODE]]),Table5[[#This Row],[PORT]]),PG!C:H,4,0),"NO EXISTE ISEL") | O19: =COUNTIF(Statics!G:G,Table5[[#This Row],[PG]])+COUNTIF(Statics!H:H,_xlfn.CONCAT((Table5[[#This Row],[NODE]]),Table5[[#This Row],[PORT]])) | P19: =_xlfn.IFNA( VLOOKUP(Table5[[#This Row],[PG]], L3OUTS!F:H, 3, 0), _xlfn.IFNA( VLOOKUP(VALUE(Table5[[#This Row],[NODE]]) & Table5[[#This Row],[PORT]], L3OUTS!G:H, 2, 0), _xlfn.IFNA( VLOOKUP(Table5[[#This Row],[PG]], L3OUTS!G:H, 2, 0), "NO TIENE L3OUT" ) ) ) | Q19: =COUNTIF(Statics!F:F,Table5[[#This Row],[ID]])+COUNTIF(Statics!F:F,VALUE(Table5[[#This Row],[NODE]]))
A20: 101 | B20: 1 | C20: =VLOOKUP(VALUE(Table5[[#This Row],[NODE]]),LEAF_INFO!B:H,6,0) | D20: eth1/51 | E20: down | F20: down | G20: =VLOOKUP(_xlfn.CONCAT(Table5[[#This Row],[NODE]],Table5[[#This Row],[PORT]]),PORTS_!A:G,7,0) | I20: =VLOOKUP(VALUE(Table5[[#This Row],[NODE]]),LEAF_INFO!B:H,7,0) | J20: =ISNUMBER(SEARCH("vpc-leaf", SUBSTITUTE(LOWER(K20), "_", "-"))) | K20: =_xlfn.IFNA(VLOOKUP(VALUE(Table5[[#This Row],[NODE]]), VPC!A:A, 2, 0), "No está en VPC") | L20: =IF(OR(ISNUMBER(SEARCH("VPC-Leaf", K20)), ISNUMBER(SEARCH("VPC_Leaf", K20))),SUBSTITUTE(SUBSTITUTE(SUBSTITUTE(K20, "VPC-Leaf", ""), "VPC_Leaf", ""), "_", "-"),A20) | M20: =_xlfn.IFNA(VLOOKUP(_xlfn.CONCAT(VALUE(Table5[[#This Row],[NODE]]),Table5[[#This Row],[PORT]]),PG!C:H,6,0),"NO EXISTE PG") | N20: =_xlfn.IFNA(VLOOKUP(_xlfn.CONCAT(VALUE(Table5[[#This Row],[NODE]]),Table5[[#This Row],[PORT]]),PG!C:H,4,0),"NO EXISTE ISEL") | O20: =COUNTIF(Statics!G:G,Table5[[#This Row],[PG]])+COUNTIF(Statics!H:H,_xlfn.CONCAT((Table5[[#This Row],[NODE]]),Table5[[#This Row],[PORT]])) | P20: =_xlfn.IFNA( VLOOKUP(Table5[[#This Row],[PG]], L3OUTS!F:H, 3, 0), _xlfn.IFNA( VLOOKUP(VALUE(Table5[[#This Row],[NODE]]) & Table5[[#This Row],[PORT]], L3OUTS!G:H, 2, 0), _xlfn.IFNA( VLOOKUP(Table5[[#This Row],[PG]], L3OUTS!G:H, 2, 0), "NO TIENE L3OUT" ) ) ) | Q20: =COUNTIF(Statics!F:F,Table5[[#This Row],[ID]])+COUNTIF(Statics!F:F,VALUE(Table5[[#This Row],[NODE]]))
A21: 101 | B21: 1 | C21: =VLOOKUP(VALUE(Table5[[#This Row],[NODE]]),LEAF_INFO!B:H,6,0) | D21: eth1/52 | E21: down | F21: down | G21: =VLOOKUP(_xlfn.CONCAT(Table5[[#This Row],[NODE]],Table5[[#This Row],[PORT]]),PORTS_!A:G,7,0) | I21: =VLOOKUP(VALUE(Table5[[#This Row],[NODE]]),LEAF_INFO!B:H,7,0) | J21: =ISNUMBER(SEARCH("vpc-leaf", SUBSTITUTE(LOWER(K21), "_", "-"))) | K21: =_xlfn.IFNA(VLOOKUP(VALUE(Table5[[#This Row],[NODE]]), VPC!A:A, 2, 0), "No está en VPC") | L21: =IF(OR(ISNUMBER(SEARCH("VPC-Leaf", K21)), ISNUMBER(SEARCH("VPC_Leaf", K21))),SUBSTITUTE(SUBSTITUTE(SUBSTITUTE(K21, "VPC-Leaf", ""), "VPC_Leaf", ""), "_", "-"),A21) | M21: =_xlfn.IFNA(VLOOKUP(_xlfn.CONCAT(VALUE(Table5[[#This Row],[NODE]]),Table5[[#This Row],[PORT]]),PG!C:H,6,0),"NO EXISTE PG") | N21: =_xlfn.IFNA(VLOOKUP(_xlfn.CONCAT(VALUE(Table5[[#This Row],[NODE]]),Table5[[#This Row],[PORT]]),PG!C:H,4,0),"NO EXISTE ISEL") | O21: =COUNTIF(Statics!G:G,Table5[[#This Row],[PG]])+COUNTIF(Statics!H:H,_xlfn.CONCAT((Table5[[#This Row],[NODE]]),Table5[[#This Row],[PORT]])) | P21: =_xlfn.IFNA( VLOOKUP(Table5[[#This Row],[PG]], L3OUTS!F:H, 3, 0), _xlfn.IFNA( VLOOKUP(VALUE(Table5[[#This Row],[NODE]]) & Table5[[#This Row],[PORT]], L3OUTS!G:H, 2, 0), _xlfn.IFNA( VLOOKUP(Table5[[#This Row],[PG]], L3OUTS!G:H, 2, 0), "NO TIENE L3OUT" ) ) ) | Q21: =COUNTIF(Statics!F:F,Table5[[#This Row],[ID]])+COUNTIF(Statics!F:F,VALUE(Table5[[#This Row],[NODE]]))
A22: 101 | B22: 1 | C22: =VLOOKUP(VALUE(Table5[[#This Row],[NODE]]),LEAF_INFO!B:H,6,0) | D22: eth1/53 | E22: up | F22: up | G22: =VLOOKUP(_xlfn.CONCAT(Table5[[#This Row],[NODE]],Table5[[#This Row],[PORT]]),PORTS_!A:G,7,0) | H22: LINK_HACIA_SPINE | I22: =VLOOKUP(VALUE(Table5[[#This Row],[NODE]]),LEAF_INFO!B:H,7,0) | J22: =ISNUMBER(SEARCH("vpc-leaf", SUBSTITUTE(LOWER(K22), "_", "-"))) | K22: =_xlfn.IFNA(VLOOKUP(VALUE(Table5[[#This Row],[NODE]]), VPC!A:A, 2, 0), "No está en VPC") | L22: =IF(OR(ISNUMBER(SEARCH("VPC-Leaf", K22)), ISNUMBER(SEARCH("VPC_Leaf", K22))),SUBSTITUTE(SUBSTITUTE(SUBSTITUTE(K22, "VPC-Leaf", ""), "VPC_Leaf", ""), "_", "-"),A22) | M22: =_xlfn.IFNA(VLOOKUP(_xlfn.CONCAT(VALUE(Table5[[#This Row],[NODE]]),Table5[[#This Row],[PORT]]),PG!C:H,6,0),"NO EXISTE PG") | N22: =_xlfn.IFNA(VLOOKUP(_xlfn.CONCAT(VALUE(Table5[[#This Row],[NODE]]),Table5[[#This Row],[PORT]]),PG!C:H,4,0),"NO EXISTE ISEL") | O22: =COUNTIF(Statics!G:G,Table5[[#This Row],[PG]])+COUNTIF(Statics!H:H,_xlfn.CONCAT((Table5[[#This Row],[NODE]]),Table5[[#This Row],[PORT]])) | P22: =_xlfn.IFNA( VLOOKUP(Table5[[#This Row],[PG]], L3OUTS!F:H, 3, 0), _xlfn.IFNA( VLOOKUP(VALUE(Table5[[#This Row],[NODE]]) & Table5[[#This Row],[PORT]], L3OUTS!G:H, 2, 0), _xlfn.IFNA( VLOOKUP(Table5[[#This Row],[PG]], L3OUTS!G:H, 2, 0), "NO TIENE L3OUT" ) ) ) | Q22: =COUNTIF(Statics!F:F,Table5[[#This Row],[ID]])+COUNTIF(Statics!F:F,VALUE(Table5[[#This Row],[NODE]]))
A23: 101 | B23: 1 | C23: =VLOOKUP(VALUE(Table5[[#This Row],[NODE]]),LEAF_INFO!B:H,6,0) | D23: eth1/54 | E23: up | F23: up | G23: =VLOOKUP(_xlfn.CONCAT(Table5[[#This Row],[NODE]],Table5[[#This Row],[PORT]]),PORTS_!A:G,7,0) | H23: LINK_HACIA_SPINE | I23: =VLOOKUP(VALUE(Table5[[#This Row],[NODE]]),LEAF_INFO!B:H,7,0) | J23: =ISNUMBER(SEARCH("vpc-leaf", SUBSTITUTE(LOWER(K23), "_", "-"))) | K23: =_xlfn.IFNA(VLOOKUP(VALUE(Table5[[#This Row],[NODE]]), VPC!A:A, 2, 0), "No está en VPC") | L23: =IF(OR(ISNUMBER(SEARCH("VPC-Leaf", K23)), ISNUMBER(SEARCH("VPC_Leaf", K23))),SUBSTITUTE(SUBSTITUTE(SUBSTITUTE(K23, "VPC-Leaf", ""), "VPC_Leaf", ""), "_", "-"),A23) | M23: =_xlfn.IFNA(VLOOKUP(_xlfn.CONCAT(VALUE(Table5[[#This Row],[NODE]]),Table5[[#This Row],[PORT]]),PG!C:H,6,0),"NO EXISTE PG") | N23: =_xlfn.IFNA(VLOOKUP(_xlfn.CONCAT(VALUE(Table5[[#This Row],[NODE]]),Table5[[#This Row],[PORT]]),PG!C:H,4,0),"NO EXISTE ISEL") | O23: =COUNTIF(Statics!G:G,Table5[[#This Row],[PG]])+COUNTIF(Statics!H:H,_xlfn.CONCAT((Table5[[#This Row],[NODE]]),Table5[[#This Row],[PORT]])) | P23: =_xlfn.IFNA( VLOOKUP(Table5[[#This Row],[PG]], L3OUTS!F:H, 3, 0), _xlfn.IFNA( VLOOKUP(VALUE(Table5[[#This Row],[NODE]]) & Table5[[#This Row],[PORT]], L3OUTS!G:H, 2, 0), _xlfn.IFNA( VLOOKUP(Table5[[#This Row],[PG]], L3OUTS!G:H, 2, 0), "NO TIENE L3OUT" ) ) ) | Q23: =COUNTIF(Statics!F:F,Table5[[#This Row],[ID]])+COUNTIF(Statics!F:F,VALUE(Table5[[#This Row],[NODE]]))
A24: 101 | B24: 1 | C24: =VLOOKUP(VALUE(Table5[[#This Row],[NODE]]),LEAF_INFO!B:H,6,0) | D24: eth1/1 | E24: down | F24: down | G24: =VLOOKUP(_xlfn.CONCAT(Table5[[#This Row],[NODE]],Table5[[#This Row],[PORT]]),PORTS_!A:G,7,0) | I24: =VLOOKUP(VALUE(Table5[[#This Row],[NODE]]),LEAF_INFO!B:H,7,0) | J24: =ISNUMBER(SEARCH("vpc-leaf", SUBSTITUTE(LOWER(K24), "_", "-"))) | K24: =_xlfn.IFNA(VLOOKUP(VALUE(Table5[[#This Row],[NODE]]), VPC!A:A, 2, 0), "No está en VPC") | L24: =IF(OR(ISNUMBER(SEARCH("VPC-Leaf", K24)), ISNUMBER(SEARCH("VPC_Leaf", K24))),SUBSTITUTE(SUBSTITUTE(SUBSTITUTE(K24, "VPC-Leaf", ""), "VPC_Leaf", ""), "_", "-"),A24) | M24: =_xlfn.IFNA(VLOOKUP(_xlfn.CONCAT(VALUE(Table5[[#This Row],[NODE]]),Table5[[#This Row],[PORT]]),PG!C:H,6,0),"NO EXISTE PG") | N24: =_xlfn.IFNA(VLOOKUP(_xlfn.CONCAT(VALUE(Table5[[#This Row],[NODE]]),Table5[[#This Row],[PORT]]),PG!C:H,4,0),"NO EXISTE ISEL") | O24: =COUNTIF(Statics!G:G,Table5[[#This Row],[PG]])+COUNTIF(Statics!H:H,_xlfn.CONCAT((Table5[[#This Row],[NODE]]),Table5[[#This Row],[PORT]])) | P24: =_xlfn.IFNA( VLOOKUP(Table5[[#This Row],[PG]], L3OUTS!F:H, 3, 0), _xlfn.IFNA( VLOOKUP(VALUE(Table5[[#This Row],[NODE]]) & Table5[[#This Row],[PORT]], L3OUTS!G:H, 2, 0), _xlfn.IFNA( VLOOKUP(Table5[[#This Row],[PG]], L3OUTS!G:H, 2, 0), "NO TIENE L3OUT" ) ) ) | Q24: =COUNTIF(Statics!F:F,Table5[[#This Row],[ID]])+COUNTIF(Statics!F:F,VALUE(Table5[[#This Row],[NODE]]))
A25: 101 | B25: 1 | C25: =VLOOKUP(VALUE(Table5[[#This Row],[NODE]]),LEAF_INFO!B:H,6,0) | D25: eth1/2 | E25: down | F25: down | G25: =VLOOKUP(_xlfn.CONCAT(Table5[[#This Row],[NODE]],Table5[[#This Row],[PORT]]),PORTS_!A:G,7,0) | I25: =VLOOKUP(VALUE(Table5[[#This Row],[NODE]]),LEAF_INFO!B:H,7,0) | J25: =ISNUMBER(SEARCH("vpc-leaf", SUBSTITUTE(LOWER(K25), "_", "-"))) | K25: =_xlfn.IFNA(VLOOKUP(VALUE(Table5[[#This Row],[NODE]]), VPC!A:A, 2, 0), "No está en VPC") | L25: =IF(OR(ISNUMBER(SEARCH("VPC-Leaf", K25)), ISNUMBER(SEARCH("VPC_Leaf", K25))),SUBSTITUTE(SUBSTITUTE(SUBSTITUTE(K25, "VPC-Leaf", ""), "VPC_Leaf", ""), "_", "-"),A25) | M25: =_xlfn.IFNA(VLOOKUP(_xlfn.CONCAT(VALUE(Table5[[#This Row],[NODE]]),Table5[[#This Row],[PORT]]),PG!C:H,6,0),"NO EXISTE PG") | N25: =_xlfn.IFNA(VLOOKUP(_xlfn.CONCAT(VALUE(Table5[[#This Row],[NODE]]),Table5[[#This Row],[PORT]]),PG!C:H,4,0),"NO EXISTE ISEL") | O25: =COUNTIF(Statics!G:G,Table5[[#This Row],[PG]])+COUNTIF(Statics!H:H,_xlfn.CONCAT((Table5[[#This Row],[NODE]]),Table5[[#This Row],[PORT]])) | P25: =_xlfn.IFNA( VLOOKUP(Table5[[#This Row],[PG]], L3OUTS!F:H, 3, 0), _xlfn.IFNA( VLOOKUP(VALUE(Table5[[#This Row],[NODE]]) & Table5[[#This Row],[PORT]], L3OUTS!G:H, 2, 0), _xlfn.IFNA( VLOOKUP(Table5[[#This Row],[PG]], L3OUTS!G:H, 2, 0), "NO TIENE L3OUT" ) ) ) | Q25: =COUNTIF(Statics!F:F,Table5[[#This Row],[ID]])+COUNTIF(Statics!F:F,VALUE(Table5[[#This Row],[NODE]]))
A26: 101 | B26: 1 | C26: =VLOOKUP(VALUE(Table5[[#This Row],[NODE]]),LEAF_INFO!B:H,6,0) | D26: eth1/3 | E26: down | F26: down | G26: =VLOOKUP(_xlfn.CONCAT(Table5[[#This Row],[NODE]],Table5[[#This Row],[PORT]]),PORTS_!A:G,7,0) | I26: =VLOOKUP(VALUE(Table5[[#This Row],[NODE]]),LEAF_INFO!B:H,7,0) | J26: =ISNUMBER(SEARCH("vpc-leaf", SUBSTITUTE(LOWER(K26), "_", "-"))) | K26: =_xlfn.IFNA(VLOOKUP(VALUE(Table5[[#This Row],[NODE]]), VPC!A:A, 2, 0), "No está en VPC") | L26: =IF(OR(ISNUMBER(SEARCH("VPC-Leaf", K26)), ISNUMBER(SEARCH("VPC_Leaf", K26))),SUBSTITUTE(SUBSTITUTE(SUBSTITUTE(K26, "VPC-Leaf", ""), "VPC_Leaf", ""), "_", "-"),A26) | M26: =_xlfn.IFNA(VLOOKUP(_xlfn.CONCAT(VALUE(Table5[[#This Row],[NODE]]),Table5[[#This Row],[PORT]]),PG!C:H,6,0),"NO EXISTE PG") | N26: =_xlfn.IFNA(VLOOKUP(_xlfn.CONCAT(VALUE(Table5[[#This Row],[NODE]]),Table5[[#This Row],[PORT]]),PG!C:H,4,0),"NO EXISTE ISEL") | O26: =COUNTIF(Statics!G:G,Table5[[#This Row],[PG]])+COUNTIF(Statics!H:H,_xlfn.CONCAT((Table5[[#This Row],[NODE]]),Table5[[#This Row],[PORT]])) | P26: =_xlfn.IFNA( VLOOKUP(Table5[[#This Row],[PG]], L3OUTS!F:H, 3, 0), _xlfn.IFNA( VLOOKUP(VALUE(Table5[[#This Row],[NODE]]) & Table5[[#This Row],[PORT]], L3OUTS!G:H, 2, 0), _xlfn.IFNA( VLOOKUP(Table5[[#This Row],[PG]], L3OUTS!G:H, 2, 0), "NO TIENE L3OUT" ) ) ) | Q26: =COUNTIF(Statics!F:F,Table5[[#This Row],[ID]])+COUNTIF(Statics!F:F,VALUE(Table5[[#This Row],[NODE]]))
A27: 101 | B27: 1 | C27: =VLOOKUP(VALUE(Table5[[#This Row],[NODE]]),LEAF_INFO!B:H,6,0) | D27: eth1/4 | E27: down | F27: down | G27: =VLOOKUP(_xlfn.CONCAT(Table5[[#This Row],[NODE]],Table5[[#This Row],[PORT]]),PORTS_!A:G,7,0) | I27: =VLOOKUP(VALUE(Table5[[#This Row],[NODE]]),LEAF_INFO!B:H,7,0) | J27: =ISNUMBER(SEARCH("vpc-leaf", SUBSTITUTE(LOWER(K27), "_", "-"))) | K27: =_xlfn.IFNA(VLOOKUP(VALUE(Table5[[#This Row],[NODE]]), VPC!A:A, 2, 0), "No está en VPC") | L27: =IF(OR(ISNUMBER(SEARCH("VPC-Leaf", K27)), ISNUMBER(SEARCH("VPC_Leaf", K27))),SUBSTITUTE(SUBSTITUTE(SUBSTITUTE(K27, "VPC-Leaf", ""), "VPC_Leaf", ""), "_", "-"),A27) | M27: =_xlfn.IFNA(VLOOKUP(_xlfn.CONCAT(VALUE(Table5[[#This Row],[NODE]]),Table5[[#This Row],[PORT]]),PG!C:H,6,0),"NO EXISTE PG") | N27: =_xlfn.IFNA(VLOOKUP(_xlfn.CONCAT(VALUE(Table5[[#This Row],[NODE]]),Table5[[#This Row],[PORT]]),PG!C:H,4,0),"NO EXISTE ISEL") | O27: =COUNTIF(Statics!G:G,Table5[[#This Row],[PG]])+COUNTIF(Statics!H:H,_xlfn.CONCAT((Table5[[#This Row],[NODE]]),Table5[[#This Row],[PORT]])) | P27: =_xlfn.IFNA( VLOOKUP(Table5[[#This Row],[PG]], L3OUTS!F:H, 3, 0), _xlfn.IFNA( VLOOKUP(VALUE(Table5[[#This Row],[NODE]]) & Table5[[#This Row],[PORT]], L3OUTS!G:H, 2, 0), _xlfn.IFNA( VLOOKUP(Table5[[#This Row],[PG]], L3OUTS!G:H, 2, 0), "NO TIENE L3OUT" ) ) ) | Q27: =COUNTIF(Statics!F:F,Table5[[#This Row],[ID]])+COUNTIF(Statics!F:F,VALUE(Table5[[#This Row],[NODE]]))
A28: 101 | B28: 1 | C28: =VLOOKUP(VALUE(Table5[[#This Row],[NODE]]),LEAF_INFO!B:H,6,0) | D28: eth1/5 | E28: down | F28: down | G28: =VLOOKUP(_xlfn.CONCAT(Table5[[#This Row],[NODE]],Table5[[#This Row],[PORT]]),PORTS_!A:G,7,0) | I28: =VLOOKUP(VALUE(Table5[[#This Row],[NODE]]),LEAF_INFO!B:H,7,0) | J28: =ISNUMBER(SEARCH("vpc-leaf", SUBSTITUTE(LOWER(K28), "_", "-"))) | K28: =_xlfn.IFNA(VLOOKUP(VALUE(Table5[[#This Row],[NODE]]), VPC!A:A, 2, 0), "No está en VPC") | L28: =IF(OR(ISNUMBER(SEARCH("VPC-Leaf", K28)), ISNUMBER(SEARCH("VPC_Leaf", K28))),SUBSTITUTE(SUBSTITUTE(SUBSTITUTE(K28, "VPC-Leaf", ""), "VPC_Leaf", ""), "_", "-"),A28) | M28: =_xlfn.IFNA(VLOOKUP(_xlfn.CONCAT(VALUE(Table5[[#This Row],[NODE]]),Table5[[#This Row],[PORT]]),PG!C:H,6,0),"NO EXISTE PG") | N28: =_xlfn.IFNA(VLOOKUP(_xlfn.CONCAT(VALUE(Table5[[#This Row],[NODE]]),Table5[[#This Row],[PORT]]),PG!C:H,4,0),"NO EXISTE ISEL") | O28: =COUNTIF(Statics!G:G,Table5[[#This Row],[PG]])+COUNTIF(Statics!H:H,_xlfn.CONCAT((Table5[[#This Row],[NODE]]),Table5[[#This Row],[PORT]])) | P28: =_xlfn.IFNA( VLOOKUP(Table5[[#This Row],[PG]], L3OUTS!F:H, 3, 0), _xlfn.IFNA( VLOOKUP(VALUE(Table5[[#This Row],[NODE]]) & Table5[[#This Row],[PORT]], L3OUTS!G:H, 2, 0), _xlfn.IFNA( VLOOKUP(Table5[[#This Row],[PG]], L3OUTS!G:H, 2, 0), "NO TIENE L3OUT" ) ) ) | Q28: =COUNTIF(Statics!F:F,Table5[[#This Row],[ID]])+COUNTIF(Statics!F:F,VALUE(Table5[[#This Row],[NODE]]))
A29: 101 | B29: 1 | C29: =VLOOKUP(VALUE(Table5[[#This Row],[NODE]]),LEAF_INFO!B:H,6,0) | D29: eth1/6 | E29: down | F29: down | G29: =VLOOKUP(_xlfn.CONCAT(Table5[[#This Row],[NODE]],Table5[[#This Row],[PORT]]),PORTS_!A:G,7,0) | I29: =VLOOKUP(VALUE(Table5[[#This Row],[NODE]]),LEAF_INFO!B:H,7,0) | J29: =ISNUMBER(SEARCH("vpc-leaf", SUBSTITUTE(LOWER(K29), "_", "-"))) | K29: =_xlfn.IFNA(VLOOKUP(VALUE(Table5[[#This Row],[NODE]]), VPC!A:A, 2, 0), "No está en VPC") | L29: =IF(OR(ISNUMBER(SEARCH("VPC-Leaf", K29)), ISNUMBER(SEARCH("VPC_Leaf", K29))),SUBSTITUTE(SUBSTITUTE(SUBSTITUTE(K29, "VPC-Leaf", ""), "VPC_Leaf", ""), "_", "-"),A29) | M29: =_xlfn.IFNA(VLOOKUP(_xlfn.CONCAT(VALUE(Table5[[#This Row],[NODE]]),Table5[[#This Row],[PORT]]),PG!C:H,6,0),"NO EXISTE PG") | N29: =_xlfn.IFNA(VLOOKUP(_xlfn.CONCAT(VALUE(Table5[[#This Row],[NODE]]),Table5[[#This Row],[PORT]]),PG!C:H,4,0),"NO EXISTE ISEL") | O29: =COUNTIF(Statics!G:G,Table5[[#This Row],[PG]])+COUNTIF(Statics!H:H,_xlfn.CONCAT((Table5[[#This Row],[NODE]]),Table5[[#This Row],[PORT]])) | P29: =_xlfn.IFNA( VLOOKUP(Table5[[#This Row],[PG]], L3OUTS!F:H, 3, 0), _xlfn.IFNA( VLOOKUP(VALUE(Table5[[#This Row],[NODE]]) & Table5[[#This Row],[PORT]], L3OUTS!G:H, 2, 0), _xlfn.IFNA( VLOOKUP(Table5[[#This Row],[PG]], L3OUTS!G:H, 2, 0), "NO TIENE L3OUT" ) ) ) | Q29: =COUNTIF(Statics!F:F,Table5[[#This Row],[ID]])+COUNTIF(Statics!F:F,VALUE(Table5[[#This Row],[NODE]]))
A30: 101 | B30: 1 | C30: =VLOOKUP(VALUE(Table5[[#This Row],[NODE]]),LEAF_INFO!B:H,6,0) | D30: eth1/7 | E30: up | F30: up | G30: =VLOOKUP(_xlfn.CONCAT(Table5[[#This Row],[NODE]],Table5[[#This Row],[PORT]]),PORTS_!A:G,7,0) | H30: To_BSC_ERICCSON_01 | I30: =VLOOKUP(VALUE(Table5[[#This Row],[NODE]]),LEAF_INFO!B:H,7,0) | J30: =ISNUMBER(SEARCH("vpc-leaf", SUBSTITUTE(LOWER(K30), "_", "-"))) | K30: =_xlfn.IFNA(VLOOKUP(VALUE(Table5[[#This Row],[NODE]]), VPC!A:A, 2, 0), "No está en VPC") | L30: =IF(OR(ISNUMBER(SEARCH("VPC-Leaf", K30)), ISNUMBER(SEARCH("VPC_Leaf", K30))),SUBSTITUTE(SUBSTITUTE(SUBSTITUTE(K30, "VPC-Leaf", ""), "VPC_Leaf", ""), "_", "-"),A30) | M30: =_xlfn.IFNA(VLOOKUP(_xlfn.CONCAT(VALUE(Table5[[#This Row],[NODE]]),Table5[[#This Row],[PORT]]),PG!C:H,6,0),"NO EXISTE PG") | N30: =_xlfn.IFNA(VLOOKUP(_xlfn.CONCAT(VALUE(Table5[[#This Row],[NODE]]),Table5[[#This Row],[PORT]]),PG!C:H,4,0),"NO EXISTE ISEL") | O30: =COUNTIF(Statics!G:G,Table5[[#This Row],[PG]])+COUNTIF(Statics!H:H,_xlfn.CONCAT((Table5[[#This Row],[NODE]]),Table5[[#This Row],[PORT]])) | P30: =_xlfn.IFNA( VLOOKUP(Table5[[#This Row],[PG]], L3OUTS!F:H, 3, 0), _xlfn.IFNA( VLOOKUP(VALUE(Table5[[#This Row],[NODE]]) & Table5[[#This Row],[PORT]], L3OUTS!G:H, 2, 0), _xlfn.IFNA( VLOOKUP(Table5[[#This Row],[PG]], L3OUTS!G:H, 2, 0), "NO TIENE L3OUT" ) ) ) | Q30: =COUNTIF(Statics!F:F,Table5[[#This Row],[ID]])+COUNTIF(Statics!F:F,VALUE(Table5[[#This Row],[NODE]]))
A31: 101 | B31: 1 | C31: =VLOOKUP(VALUE(Table5[[#This Row],[NODE]]),LEAF_INFO!B:H,6,0) | D31: eth1/8 | E31: down | F31: down | G31: =VLOOKUP(_xlfn.CONCAT(Table5[[#This Row],[NODE]],Table5[[#This Row],[PORT]]),PORTS_!A:G,7,0) | I31: =VLOOKUP(VALUE(Table5[[#This Row],[NODE]]),LEAF_INFO!B:H,7,0) | J31: =ISNUMBER(SEARCH("vpc-leaf", SUBSTITUTE(LOWER(K31), "_", "-"))) | K31: =_xlfn.IFNA(VLOOKUP(VALUE(Table5[[#This Row],[NODE]]), VPC!A:A, 2, 0), "No está en VPC") | L31: =IF(OR(ISNUMBER(SEARCH("VPC-Leaf", K31)), ISNUMBER(SEARCH("VPC_Leaf", K31))),SUBSTITUTE(SUBSTITUTE(SUBSTITUTE(K31, "VPC-Leaf", ""), "VPC_Leaf", ""), "_", "-"),A31) | M31: =_xlfn.IFNA(VLOOKUP(_xlfn.CONCAT(VALUE(Table5[[#This Row],[NODE]]),Table5[[#This Row],[PORT]]),PG!C:H,6,0),"NO EXISTE PG") | N31: =_xlfn.IFNA(VLOOKUP(_xlfn.CONCAT(VALUE(Table5[[#This Row],[NODE]]),Table5[[#This Row],[PORT]]),PG!C:H,4,0),"NO EXISTE ISEL") | O31: =COUNTIF(Statics!G:G,Table5[[#This Row],[PG]])+COUNTIF(Statics!H:H,_xlfn.CONCAT((Table5[[#This Row],[NODE]]),Table5[[#This Row],[PORT]])) | P31: =_xlfn.IFNA( VLOOKUP(Table5[[#This Row],[PG]], L3OUTS!F:H, 3, 0), _xlfn.IFNA( VLOOKUP(VALUE(Table5[[#This Row],[NODE]]) & Table5[[#This Row],[PORT]], L3OUTS!G:H, 2, 0), _xlfn.IFNA( VLOOKUP(Table5[[#This Row],[PG]], L3OUTS!G:H, 2, 0), "NO TIENE L3OUT" ) ) ) | Q31: =COUNTIF(Statics!F:F,Table5[[#This Row],[ID]])+COUNTIF(Statics!F:F,VALUE(Table5[[#This Row],[NODE]]))
A32: 101 | B32: 1 | C32: =VLOOKUP(VALUE(Table5[[#This Row],[NODE]]),LEAF_INFO!B:H,6,0) | D32: eth1/9 | E32: down | F32: down | G32: =VLOOKUP(_xlfn.CONCAT(Table5[[#This Row],[NODE]],Table5[[#This Row],[PORT]]),PORTS_!A:G,7,0) | I32: =VLOOKUP(VALUE(Table5[[#This Row],[NODE]]),LEAF_INFO!B:H,7,0) | J32: =ISNUMBER(SEARCH("vpc-leaf", SUBSTITUTE(LOWER(K32), "_", "-"))) | K32: =_xlfn.IFNA(VLOOKUP(VALUE(Table5[[#This Row],[NODE]]), VPC!A:A, 2, 0), "No está en VPC") | L32: =IF(OR(ISNUMBER(SEARCH("VPC-Leaf", K32)), ISNUMBER(SEARCH("VPC_Leaf", K32))),SUBSTITUTE(SUBSTITUTE(SUBSTITUTE(K32, "VPC-Leaf", ""), "VPC_Leaf", ""), "_", "-"),A32) | M32: =_xlfn.IFNA(VLOOKUP(_xlfn.CONCAT(VALUE(Table5[[#This Row],[NODE]]),Table5[[#This Row],[PORT]]),PG!C:H,6,0),"NO EXISTE PG") | N32: =_xlfn.IFNA(VLOOKUP(_xlfn.CONCAT(VALUE(Table5[[#This Row],[NODE]]),Table5[[#This Row],[PORT]]),PG!C:H,4,0),"NO EXISTE ISEL") | O32: =COUNTIF(Statics!G:G,Table5[[#This Row],[PG]])+COUNTIF(Statics!H:H,_xlfn.CONCAT((Table5[[#This Row],[NODE]]),Table5[[#This Row],[PORT]])) | P32: =_xlfn.IFNA( VLOOKUP(Table5[[#This Row],[PG]], L3OUTS!F:H, 3, 0), _xlfn.IFNA( VLOOKUP(VALUE(Table5[[#This Row],[NODE]]) & Table5[[#This Row],[PORT]], L3OUTS!G:H, 2, 0), _xlfn.IFNA( VLOOKUP(Table5[[#This Row],[PG]], L3OUTS!G:H, 2, 0), "NO TIENE L3OUT" ) ) ) | Q32: =COUNTIF(Statics!F:F,Table5[[#This Row],[ID]])+COUNTIF(Statics!F:F,VALUE(Table5[[#This Row],[NODE]]))
A33: 101 | B33: 1 | C33: =VLOOKUP(VALUE(Table5[[#This Row],[NODE]]),LEAF_INFO!B:H,6,0) | D33: eth1/10 | E33: down | F33: down | G33: =VLOOKUP(_xlfn.CONCAT(Table5[[#This Row],[NODE]],Table5[[#This Row],[PORT]]),PORTS_!A:G,7,0) | I33: =VLOOKUP(VALUE(Table5[[#This Row],[NODE]]),LEAF_INFO!B:H,7,0) | J33: =ISNUMBER(SEARCH("vpc-leaf", SUBSTITUTE(LOWER(K33), "_", "-"))) | K33: =_xlfn.IFNA(VLOOKUP(VALUE(Table5[[#This Row],[NODE]]), VPC!A:A, 2, 0), "No está en VPC") | L33: =IF(OR(ISNUMBER(SEARCH("VPC-Leaf", K33)), ISNUMBER(SEARCH("VPC_Leaf", K33))),SUBSTITUTE(SUBSTITUTE(SUBSTITUTE(K33, "VPC-Leaf", ""), "VPC_Leaf", ""), "_", "-"),A33) | M33: =_xlfn.IFNA(VLOOKUP(_xlfn.CONCAT(VALUE(Table5[[#This Row],[NODE]]),Table5[[#This Row],[PORT]]),PG!C:H,6,0),"NO EXISTE PG") | N33: =_xlfn.IFNA(VLOOKUP(_xlfn.CONCAT(VALUE(Table5[[#This Row],[NODE]]),Table5[[#This Row],[PORT]]),PG!C:H,4,0),"NO EXISTE ISEL") | O33: =COUNTIF(Statics!G:G,Table5[[#This Row],[PG]])+COUNTIF(Statics!H:H,_xlfn.CONCAT((Table5[[#This Row],[NODE]]),Table5[[#This Row],[PORT]])) | P33: =_xlfn.IFNA( VLOOKUP(Table5[[#This Row],[PG]], L3OUTS!F:H, 3, 0), _xlfn.IFNA( VLOOKUP(VALUE(Table5[[#This Row],[NODE]]) & Table5[[#This Row],[PORT]], L3OUTS!G:H, 2, 0), _xlfn.IFNA( VLOOKUP(Table5[[#This Row],[PG]], L3OUTS!G:H, 2, 0), "NO TIENE L3OUT" ) ) ) | Q33: =COUNTIF(Statics!F:F,Table5[[#This Row],[ID]])+COUNTIF(Statics!F:F,VALUE(Table5[[#This Row],[NODE]]))
A34: 101 | B34: 1 | C34: =VLOOKUP(VALUE(Table5[[#This Row],[NODE]]),LEAF_INFO!B:H,6,0) | D34: eth1/11 | E34: up | F34: up | G34: =VLOOKUP(_xlfn.CONCAT(Table5[[#This Row],[NODE]],Table5[[#This Row],[PORT]]),PORTS_!A:G,7,0) | H34: To_PTMP-UG0-1112-0066 | I34: =VLOOKUP(VALUE(Table5[[#This Row],[NODE]]),LEAF_INFO!B:H,7,0) | J34: =ISNUMBER(SEARCH("vpc-leaf", SUBSTITUTE(LOWER(K34), "_", "-"))) | K34: =_xlfn.IFNA(VLOOKUP(VALUE(Table5[[#This Row],[NODE]]), VPC!A:A, 2, 0), "No está en VPC") | L34: =IF(OR(ISNUMBER(SEARCH("VPC-Leaf", K34)), ISNUMBER(SEARCH("VPC_Leaf", K34))),SUBSTITUTE(SUBSTITUTE(SUBSTITUTE(K34, "VPC-Leaf", ""), "VPC_Leaf", ""), "_", "-"),A34) | M34: =_xlfn.IFNA(VLOOKUP(_xlfn.CONCAT(VALUE(Table5[[#This Row],[NODE]]),Table5[[#This Row],[PORT]]),PG!C:H,6,0),"NO EXISTE PG") | N34: =_xlfn.IFNA(VLOOKUP(_xlfn.CONCAT(VALUE(Table5[[#This Row],[NODE]]),Table5[[#This Row],[PORT]]),PG!C:H,4,0),"NO EXISTE ISEL") | O34: =COUNTIF(Statics!G:G,Table5[[#This Row],[PG]])+COUNTIF(Statics!H:H,_xlfn.CONCAT((Table5[[#This Row],[NODE]]),Table5[[#This Row],[PORT]])) | P34: =_xlfn.IFNA( VLOOKUP(Table5[[#This Row],[PG]], L3OUTS!F:H, 3, 0), _xlfn.IFNA( VLOOKUP(VALUE(Table5[[#This Row],[NODE]]) & Table5[[#This Row],[PORT]], L3OUTS!G:H, 2, 0), _xlfn.IFNA( VLOOKUP(Table5[[#This Row],[PG]], L3OUTS!G:H, 2, 0), "NO TIENE L3OUT" ) ) ) | Q34: =COUNTIF(Statics!F:F,Table5[[#This Row],[ID]])+COUNTIF(Statics!F:F,VALUE(Table5[[#This Row],[NODE]]))
A35: 101 | B35: 1 | C35: =VLOOKUP(VALUE(Table5[[#This Row],[NODE]]),LEAF_INFO!B:H,6,0) | D35: eth1/12 | E35: up | F35: up | G35: =VLOOKUP(_xlfn.CONCAT(Table5[[#This Row],[NODE]],Table5[[#This Row],[PORT]]),PORTS_!A:G,7,0) | H35: LINK_HACIA_To_PTMP-UG0-1112-0140 | I35: =VLOOKUP(VALUE(Table5[[#This Row],[NODE]]),LEAF_INFO!B:H,7,0) | J35: =ISNUMBER(SEARCH("vpc-leaf", SUBSTITUTE(LOWER(K35), "_", "-"))) | K35: =_xlfn.IFNA(VLOOKUP(VALUE(Table5[[#This Row],[NODE]]), VPC!A:A, 2, 0), "No está en VPC") | L35: =IF(OR(ISNUMBER(SEARCH("VPC-Leaf", K35)), ISNUMBER(SEARCH("VPC_Leaf", K35))),SUBSTITUTE(SUBSTITUTE(SUBSTITUTE(K35, "VPC-Leaf", ""), "VPC_Leaf", ""), "_", "-"),A35) | M35: =_xlfn.IFNA(VLOOKUP(_xlfn.CONCAT(VALUE(Table5[[#This Row],[NODE]]),Table5[[#This Row],[PORT]]),PG!C:H,6,0),"NO EXISTE PG") | N35: =_xlfn.IFNA(VLOOKUP(_xlfn.CONCAT(VALUE(Table5[[#This Row],[NODE]]),Table5[[#This Row],[PORT]]),PG!C:H,4,0),"NO EXISTE ISEL") | O35: =COUNTIF(Statics!G:G,Table5[[#This Row],[PG]])+COUNTIF(Statics!H:H,_xlfn.CONCAT((Table5[[#This Row],[NODE]]),Table5[[#This Row],[PORT]])) | P35: =_xlfn.IFNA( VLOOKUP(Table5[[#This Row],[PG]], L3OUTS!F:H, 3, 0), _xlfn.IFNA( VLOOKUP(VALUE(Table5[[#This Row],[NODE]]) & Table5[[#This Row],[PORT]], L3OUTS!G:H, 2, 0), _xlfn.IFNA( VLOOKUP(Table5[[#This Row],[PG]], L3OUTS!G:H, 2, 0), "NO TIENE L3OUT" ) ) ) | Q35: =COUNTIF(Statics!F:F,Table5[[#This Row],[ID]])+COUNTIF(Statics!F:F,VALUE(Table5[[#This Row],[NODE]]))
A36: 101 | B36: 1 | C36: =VLOOKUP(VALUE(Table5[[#This Row],[NODE]]),LEAF_INFO!B:H,6,0) | D36: eth1/13 | E36: up | F36: up | G36: =VLOOKUP(_xlfn.CONCAT(Table5[[#This Row],[NODE]],Table5[[#This Row],[PORT]]),PORTS_!A:G,7,0) | H36: To_EVO1_INGEV1 | I36: =VLOOKUP(VALUE(Table5[[#This Row],[NODE]]),LEAF_INFO!B:H,7,0) | J36: =ISNUMBER(SEARCH("vpc-leaf", SUBSTITUTE(LOWER(K36), "_", "-"))) | K36: =_xlfn.IFNA(VLOOKUP(VALUE(Table5[[#This Row],[NODE]]), VPC!A:A, 2, 0), "No está en VPC") | L36: =IF(OR(ISNUMBER(SEARCH("VPC-Leaf", K36)), ISNUMBER(SEARCH("VPC_Leaf", K36))),SUBSTITUTE(SUBSTITUTE(SUBSTITUTE(K36, "VPC-Leaf", ""), "VPC_Leaf", ""), "_", "-"),A36) | M36: =_xlfn.IFNA(VLOOKUP(_xlfn.CONCAT(VALUE(Table5[[#This Row],[NODE]]),Table5[[#This Row],[PORT]]),PG!C:H,6,0),"NO EXISTE PG") | N36: =_xlfn.IFNA(VLOOKUP(_xlfn.CONCAT(VALUE(Table5[[#This Row],[NODE]]),Table5[[#This Row],[PORT]]),PG!C:H,4,0),"NO EXISTE ISEL") | O36: =COUNTIF(Statics!G:G,Table5[[#This Row],[PG]])+COUNTIF(Statics!H:H,_xlfn.CONCAT((Table5[[#This Row],[NODE]]),Table5[[#This Row],[PORT]])) | P36: =_xlfn.IFNA( VLOOKUP(Table5[[#This Row],[PG]], L3OUTS!F:H, 3, 0), _xlfn.IFNA( VLOOKUP(VALUE(Table5[[#This Row],[NODE]]) & Table5[[#This Row],[PORT]], L3OUTS!G:H, 2, 0), _xlfn.IFNA( VLOOKUP(Table5[[#This Row],[PG]], L3OUTS!G:H, 2, 0), "NO TIENE L3OUT" ) ) ) | Q36: =COUNTIF(Statics!F:F,Table5[[#This Row],[ID]])+COUNTIF(Statics!F:F,VALUE(Table5[[#This Row],[NODE]]))
A37: 101 | B37: 1 | C37: =VLOOKUP(VALUE(Table5[[#This Row],[NODE]]),LEAF_INFO!B:H,6,0) | D37: eth1/14 | E37: up | F37: up | G37: =VLOOKUP(_xlfn.CONCAT(Table5[[#This Row],[NODE]],Table5[[#This Row],[PORT]]),PORTS_!A:G,7,0) | H37: Hacia NR 5G INGENIEROS | I37: =VLOOKUP(VALUE(Table5[[#This Row],[NODE]]),LEAF_INFO!B:H,7,0) | J37: =ISNUMBER(SEARCH("vpc-leaf", SUBSTITUTE(LOWER(K37), "_", "-"))) | K37: =_xlfn.IFNA(VLOOKUP(VALUE(Table5[[#This Row],[NODE]]), VPC!A:A, 2, 0), "No está en VPC") | L37: =IF(OR(ISNUMBER(SEARCH("VPC-Leaf", K37)), ISNUMBER(SEARCH("VPC_Leaf", K37))),SUBSTITUTE(SUBSTITUTE(SUBSTITUTE(K37, "VPC-Leaf", ""), "VPC_Leaf", ""), "_", "-"),A37) | M37: =_xlfn.IFNA(VLOOKUP(_xlfn.CONCAT(VALUE(Table5[[#This Row],[NODE]]),Table5[[#This Row],[PORT]]),PG!C:H,6,0),"NO EXISTE PG") | N37: =_xlfn.IFNA(VLOOKUP(_xlfn.CONCAT(VALUE(Table5[[#This Row],[NODE]]),Table5[[#This Row],[PORT]]),PG!C:H,4,0),"NO EXISTE ISEL") | O37: =COUNTIF(Statics!G:G,Table5[[#This Row],[PG]])+COUNTIF(Statics!H:H,_xlfn.CONCAT((Table5[[#This Row],[NODE]]),Table5[[#This Row],[PORT]])) | P37: =_xlfn.IFNA( VLOOKUP(Table5[[#This Row],[PG]], L3OUTS!F:H, 3, 0), _xlfn.IFNA( VLOOKUP(VALUE(Table5[[#This Row],[NODE]]) & Table5[[#This Row],[PORT]], L3OUTS!G:H, 2, 0), _xlfn.IFNA( VLOOKUP(Table5[[#This Row],[PG]], L3OUTS!G:H, 2, 0), "NO TIENE L3OUT" ) ) ) | Q37: =COUNTIF(Statics!F:F,Table5[[#This Row],[ID]])+COUNTIF(Statics!F:F,VALUE(Table5[[#This Row],[NODE]]))
A38: 101 | B38: 1 | C38: =VLOOKUP(VALUE(Table5[[#This Row],[NODE]]),LEAF_INFO!B:H,6,0) | D38: eth1/15 | E38: down | F38: down | G38: =VLOOKUP(_xlfn.CONCAT(Table5[[#This Row],[NODE]],Table5[[#This Row],[PORT]]),PORTS_!A:G,7,0) | I38: =VLOOKUP(VALUE(Table5[[#This Row],[NODE]]),LEAF_INFO!B:H,7,0) | J38: =ISNUMBER(SEARCH("vpc-leaf", SUBSTITUTE(LOWER(K38), "_", "-"))) | K38: =_xlfn.IFNA(VLOOKUP(VALUE(Table5[[#This Row],[NODE]]), VPC!A:A, 2, 0), "No está en VPC") | L38: =IF(OR(ISNUMBER(SEARCH("VPC-Leaf", K38)), ISNUMBER(SEARCH("VPC_Leaf", K38))),SUBSTITUTE(SUBSTITUTE(SUBSTITUTE(K38, "VPC-Leaf", ""), "VPC_Leaf", ""), "_", "-"),A38) | M38: =_xlfn.IFNA(VLOOKUP(_xlfn.CONCAT(VALUE(Table5[[#This Row],[NODE]]),Table5[[#This Row],[PORT]]),PG!C:H,6,0),"NO EXISTE PG") | N38: =_xlfn.IFNA(VLOOKUP(_xlfn.CONCAT(VALUE(Table5[[#This Row],[NODE]]),Table5[[#This Row],[PORT]]),PG!C:H,4,0),"NO EXISTE ISEL") | O38: =COUNTIF(Statics!G:G,Table5[[#This Row],[PG]])+COUNTIF(Statics!H:H,_xlfn.CONCAT((Table5[[#This Row],[NODE]]),Table5[[#This Row],[PORT]])) | P38: =_xlfn.IFNA( VLOOKUP(Table5[[#This Row],[PG]], L3OUTS!F:H, 3, 0), _xlfn.IFNA( VLOOKUP(VALUE(Table5[[#This Row],[NODE]]) & Table5[[#This Row],[PORT]], L3OUTS!G:H, 2, 0), _xlfn.IFNA( VLOOKUP(Table5[[#This Row],[PG]], L3OUTS!G:H, 2, 0), "NO TIENE L3OUT" ) ) ) | Q38: =COUNTIF(Statics!F:F,Table5[[#This Row],[ID]])+COUNTIF(Statics!F:F,VALUE(Table5[[#This Row],[NODE]]))
A39: 101 | B39: 1 | C39: =VLOOKUP(VALUE(Table5[[#This Row],[NODE]]),LEAF_INFO!B:H,6,0) | D39: eth1/16 | E39: down | F39: down | G39: =VLOOKUP(_xlfn.CONCAT(Table5[[#This Row],[NODE]],Table5[[#This Row],[PORT]]),PORTS_!A:G,7,0) | I39: =VLOOKUP(VALUE(Table5[[#This Row],[NODE]]),LEAF_INFO!B:H,7,0) | J39: =ISNUMBER(SEARCH("vpc-leaf", SUBSTITUTE(LOWER(K39), "_", "-"))) | K39: =_xlfn.IFNA(VLOOKUP(VALUE(Table5[[#This Row],[NODE]]), VPC!A:A, 2, 0), "No está en VPC") | L39: =IF(OR(ISNUMBER(SEARCH("VPC-Leaf", K39)), ISNUMBER(SEARCH("VPC_Leaf", K39))),SUBSTITUTE(SUBSTITUTE(SUBSTITUTE(K39, "VPC-Leaf", ""), "VPC_Leaf", ""), "_", "-"),A39) | M39: =_xlfn.IFNA(VLOOKUP(_xlfn.CONCAT(VALUE(Table5[[#This Row],[NODE]]),Table5[[#This Row],[PORT]]),PG!C:H,6,0),"NO EXISTE PG") | N39: =_xlfn.IFNA(VLOOKUP(_xlfn.CONCAT(VALUE(Table5[[#This Row],[NODE]]),Table5[[#This Row],[PORT]]),PG!C:H,4,0),"NO EXISTE ISEL") | O39: =COUNTIF(Statics!G:G,Table5[[#This Row],[PG]])+COUNTIF(Statics!H:H,_xlfn.CONCAT((Table5[[#This Row],[NODE]]),Table5[[#This Row],[PORT]])) | P39: =_xlfn.IFNA( VLOOKUP(Table5[[#This Row],[PG]], L3OUTS!F:H, 3, 0), _xlfn.IFNA( VLOOKUP(VALUE(Table5[[#This Row],[NODE]]) & Table5[[#This Row],[PORT]], L3OUTS!G:H, 2, 0), _xlfn.IFNA( VLOOKUP(Table5[[#This Row],[PG]], L3OUTS!G:H, 2, 0), "NO TIENE L3OUT" ) ) ) | Q39: =COUNTIF(Statics!F:F,Table5[[#This Row],[ID]])+COUNTIF(Statics!F:F,VALUE(Table5[[#This Row],[NODE]]))
A40: 101 | B40: 1 | C40: =VLOOKUP(VALUE(Table5[[#This Row],[NODE]]),LEAF_INFO!B:H,6,0) | D40: eth1/17 | E40: down | F40: down | G40: =VLOOKUP(_xlfn.CONCAT(Table5[[#This Row],[NODE]],Table5[[#This Row],[PORT]]),PORTS_!A:G,7,0) | I40: =VLOOKUP(VALUE(Table5[[#This Row],[NODE]]),LEAF_INFO!B:H,7,0) | J40: =ISNUMBER(SEARCH("vpc-leaf", SUBSTITUTE(LOWER(K40), "_", "-"))) | K40: =_xlfn.IFNA(VLOOKUP(VALUE(Table5[[#This Row],[NODE]]), VPC!A:A, 2, 0), "No está en VPC") | L40: =IF(OR(ISNUMBER(SEARCH("VPC-Leaf", K40)), ISNUMBER(SEARCH("VPC_Leaf", K40))),SUBSTITUTE(SUBSTITUTE(SUBSTITUTE(K40, "VPC-Leaf", ""), "VPC_Leaf", ""), "_", "-"),A40) | M40: =_xlfn.IFNA(VLOOKUP(_xlfn.CONCAT(VALUE(Table5[[#This Row],[NODE]]),Table5[[#This Row],[PORT]]),PG!C:H,6,0),"NO EXISTE PG") | N40: =_xlfn.IFNA(VLOOKUP(_xlfn.CONCAT(VALUE(Table5[[#This Row],[NODE]]),Table5[[#This Row],[PORT]]),PG!C:H,4,0),"NO EXISTE ISEL") | O40: =COUNTIF(Statics!G:G,Table5[[#This Row],[PG]])+COUNTIF(Statics!H:H,_xlfn.CONCAT((Table5[[#This Row],[NODE]]),Table5[[#This Row],[PORT]])) | P40: =_xlfn.IFNA( VLOOKUP(Table5[[#This Row],[PG]], L3OUTS!F:H, 3, 0), _xlfn.IFNA( VLOOKUP(VALUE(Table5[[#This Row],[NODE]]) & Table5[[#This Row],[PORT]], L3OUTS!G:H, 2, 0), _xlfn.IFNA( VLOOKUP(Table5[[#This Row],[PG]], L3OUTS!G:H, 2, 0), "NO TIENE L3OUT" ) ) ) | Q40: =COUNTIF(Statics!F:F,Table5[[#This Row],[ID]])+COUNTIF(Statics!F:F,VALUE(Table5[[#This Row],[NODE]]))
A41: 101 | B41: 1 | C41: =VLOOKUP(VALUE(Table5[[#This Row],[NODE]]),LEAF_INFO!B:H,6,0) | D41: eth1/18 | E41: down | F41: down | G41: =VLOOKUP(_xlfn.CONCAT(Table5[[#This Row],[NODE]],Table5[[#This Row],[PORT]]),PORTS_!A:G,7,0) | I41: =VLOOKUP(VALUE(Table5[[#This Row],[NODE]]),LEAF_INFO!B:H,7,0) | J41: =ISNUMBER(SEARCH("vpc-leaf", SUBSTITUTE(LOWER(K41), "_", "-"))) | K41: =_xlfn.IFNA(VLOOKUP(VALUE(Table5[[#This Row],[NODE]]), VPC!A:A, 2, 0), "No está en VPC") | L41: =IF(OR(ISNUMBER(SEARCH("VPC-Leaf", K41)), ISNUMBER(SEARCH("VPC_Leaf", K41))),SUBSTITUTE(SUBSTITUTE(SUBSTITUTE(K41, "VPC-Leaf", ""), "VPC_Leaf", ""), "_", "-"),A41) | M41: =_xlfn.IFNA(VLOOKUP(_xlfn.CONCAT(VALUE(Table5[[#This Row],[NODE]]),Table5[[#This Row],[PORT]]),PG!C:H,6,0),"NO EXISTE PG") | N41: =_xlfn.IFNA(VLOOKUP(_xlfn.CONCAT(VALUE(Table5[[#This Row],[NODE]]),Table5[[#This Row],[PORT]]),PG!C:H,4,0),"NO EXISTE ISEL") | O41: =COUNTIF(Statics!G:G,Table5[[#This Row],[PG]])+COUNTIF(Statics!H:H,_xlfn.CONCAT((Table5[[#This Row],[NODE]]),Table5[[#This Row],[PORT]])) | P41: =_xlfn.IFNA( VLOOKUP(Table5[[#This Row],[PG]], L3OUTS!F:H, 3, 0), _xlfn.IFNA( VLOOKUP(VALUE(Table5[[#This Row],[NODE]]) & Table5[[#This Row],[PORT]], L3OUTS!G:H, 2, 0), _xlfn.IFNA( VLOOKUP(Table5[[#This Row],[PG]], L3OUTS!G:H, 2, 0), "NO TIENE L3OUT" ) ) ) | Q41: =COUNTIF(Statics!F:F,Table5[[#This Row],[ID]])+COUNTIF(Statics!F:F,VALUE(Table5[[#This Row],[NODE]]))
A42: 101 | B42: 1 | C42: =VLOOKUP(VALUE(Table5[[#This Row],[NODE]]),LEAF_INFO!B:H,6,0) | D42: eth1/19 | E42: down | F42: down | G42: =VLOOKUP(_xlfn.CONCAT(Table5[[#This Row],[NODE]],Table5[[#This Row],[PORT]]),PORTS_!A:G,7,0) | I42: =VLOOKUP(VALUE(Table5[[#This Row],[NODE]]),LEAF_INFO!B:H,7,0) | J42: =ISNUMBER(SEARCH("vpc-leaf", SUBSTITUTE(LOWER(K42), "_", "-"))) | K42: =_xlfn.IFNA(VLOOKUP(VALUE(Table5[[#This Row],[NODE]]), VPC!A:A, 2, 0), "No está en VPC") | L42: =IF(OR(ISNUMBER(SEARCH("VPC-Leaf", K42)), ISNUMBER(SEARCH("VPC_Leaf", K42))),SUBSTITUTE(SUBSTITUTE(SUBSTITUTE(K42, "VPC-Leaf", ""), "VPC_Leaf", ""), "_", "-"),A42) | M42: =_xlfn.IFNA(VLOOKUP(_xlfn.CONCAT(VALUE(Table5[[#This Row],[NODE]]),Table5[[#This Row],[PORT]]),PG!C:H,6,0),"NO EXISTE PG") | N42: =_xlfn.IFNA(VLOOKUP(_xlfn.CONCAT(VALUE(Table5[[#This Row],[NODE]]),Table5[[#This Row],[PORT]]),PG!C:H,4,0),"NO EXISTE ISEL") | O42: =COUNTIF(Statics!G:G,Table5[[#This Row],[PG]])+COUNTIF(Statics!H:H,_xlfn.CONCAT((Table5[[#This Row],[NODE]]),Table5[[#This Row],[PORT]])) | P42: =_xlfn.IFNA( VLOOKUP(Table5[[#This Row],[PG]], L3OUTS!F:H, 3, 0), _xlfn.IFNA( VLOOKUP(VALUE(Table5[[#This Row],[NODE]]) & Table5[[#This Row],[PORT]], L3OUTS!G:H, 2, 0), _xlfn.IFNA( VLOOKUP(Table5[[#This Row],[PG]], L3OUTS!G:H, 2, 0), "NO TIENE L3OUT" ) ) ) | Q42: =COUNTIF(Statics!F:F,Table5[[#This Row],[ID]])+COUNTIF(Statics!F:F,VALUE(Table5[[#This Row],[NODE]]))
A43: 101 | B43: 1 | C43: =VLOOKUP(VALUE(Table5[[#This Row],[NODE]]),LEAF_INFO!B:H,6,0) | D43: eth1/20 | E43: down | F43: down | G43: =VLOOKUP(_xlfn.CONCAT(Table5[[#This Row],[NODE]],Table5[[#This Row],[PORT]]),PORTS_!A:G,7,0) | I43: =VLOOKUP(VALUE(Table5[[#This Row],[NODE]]),LEAF_INFO!B:H,7,0) | J43: =ISNUMBER(SEARCH("vpc-leaf", SUBSTITUTE(LOWER(K43), "_", "-"))) | K43: =_xlfn.IFNA(VLOOKUP(VALUE(Table5[[#This Row],[NODE]]), VPC!A:A, 2, 0), "No está en VPC") | L43: =IF(OR(ISNUMBER(SEARCH("VPC-Leaf", K43)), ISNUMBER(SEARCH("VPC_Leaf", K43))),SUBSTITUTE(SUBSTITUTE(SUBSTITUTE(K43, "VPC-Leaf", ""), "VPC_Leaf", ""), "_", "-"),A43) | M43: =_xlfn.IFNA(VLOOKUP(_xlfn.CONCAT(VALUE(Table5[[#This Row],[NODE]]),Table5[[#This Row],[PORT]]),PG!C:H,6,0),"NO EXISTE PG") | N43: =_xlfn.IFNA(VLOOKUP(_xlfn.CONCAT(VALUE(Table5[[#This Row],[NODE]]),Table5[[#This Row],[PORT]]),PG!C:H,4,0),"NO EXISTE ISEL") | O43: =COUNTIF(Statics!G:G,Table5[[#This Row],[PG]])+COUNTIF(Statics!H:H,_xlfn.CONCAT((Table5[[#This Row],[NODE]]),Table5[[#This Row],[PORT]])) | P43: =_xlfn.IFNA( VLOOKUP(Table5[[#This Row],[PG]], L3OUTS!F:H, 3, 0), _xlfn.IFNA( VLOOKUP(VALUE(Table5[[#This Row],[NODE]]) & Table5[[#This Row],[PORT]], L3OUTS!G:H, 2, 0), _xlfn.IFNA( VLOOKUP(Table5[[#This Row],[PG]], L3OUTS!G:H, 2, 0), "NO TIENE L3OUT" ) ) ) | Q43: =COUNTIF(Statics!F:F,Table5[[#This Row],[ID]])+COUNTIF(Statics!F:F,VALUE(Table5[[#This Row],[NODE]]))
A44: 101 | B44: 1 | C44: =VLOOKUP(VALUE(Table5[[#This Row],[NODE]]),LEAF_INFO!B:H,6,0) | D44: eth1/21 | E44: down | F44: down | G44: =VLOOKUP(_xlfn.CONCAT(Table5[[#This Row],[NODE]],Table5[[#This Row],[PORT]]),PORTS_!A:G,7,0) | I44: =VLOOKUP(VALUE(Table5[[#This Row],[NODE]]),LEAF_INFO!B:H,7,0) | J44: =ISNUMBER(SEARCH("vpc-leaf", SUBSTITUTE(LOWER(K44), "_", "-"))) | K44: =_xlfn.IFNA(VLOOKUP(VALUE(Table5[[#This Row],[NODE]]), VPC!A:A, 2, 0), "No está en VPC") | L44: =IF(OR(ISNUMBER(SEARCH("VPC-Leaf", K44)), ISNUMBER(SEARCH("VPC_Leaf", K44))),SUBSTITUTE(SUBSTITUTE(SUBSTITUTE(K44, "VPC-Leaf", ""), "VPC_Leaf", ""), "_", "-"),A44) | M44: =_xlfn.IFNA(VLOOKUP(_xlfn.CONCAT(VALUE(Table5[[#This Row],[NODE]]),Table5[[#This Row],[PORT]]),PG!C:H,6,0),"NO EXISTE PG") | N44: =_xlfn.IFNA(VLOOKUP(_xlfn.CONCAT(VALUE(Table5[[#This Row],[NODE]]),Table5[[#This Row],[PORT]]),PG!C:H,4,0),"NO EXISTE ISEL") | O44: =COUNTIF(Statics!G:G,Table5[[#This Row],[PG]])+COUNTIF(Statics!H:H,_xlfn.CONCAT((Table5[[#This Row],[NODE]]),Table5[[#This Row],[PORT]])) | P44: =_xlfn.IFNA( VLOOKUP(Table5[[#This Row],[PG]], L3OUTS!F:H, 3, 0), _xlfn.IFNA( VLOOKUP(VALUE(Table5[[#This Row],[NODE]]) & Table5[[#This Row],[PORT]], L3OUTS!G:H, 2, 0), _xlfn.IFNA( VLOOKUP(Table5[[#This Row],[PG]], L3OUTS!G:H, 2, 0), "NO TIENE L3OUT" ) ) ) | Q44: =COUNTIF(Statics!F:F,Table5[[#This Row],[ID]])+COUNTIF(Statics!F:F,VALUE(Table5[[#This Row],[NODE]]))
A45: 101 | B45: 1 | C45: =VLOOKUP(VALUE(Table5[[#This Row],[NODE]]),LEAF_INFO!B:H,6,0) | D45: eth1/22 | E45: down | F45: down | G45: =VLOOKUP(_xlfn.CONCAT(Table5[[#This Row],[NODE]],Table5[[#This Row],[PORT]]),PORTS_!A:G,7,0) | I45: =VLOOKUP(VALUE(Table5[[#This Row],[NODE]]),LEAF_INFO!B:H,7,0) | J45: =ISNUMBER(SEARCH("vpc-leaf", SUBSTITUTE(LOWER(K45), "_", "-"))) | K45: =_xlfn.IFNA(VLOOKUP(VALUE(Table5[[#This Row],[NODE]]), VPC!A:A, 2, 0), "No está en VPC") | L45: =IF(OR(ISNUMBER(SEARCH("VPC-Leaf", K45)), ISNUMBER(SEARCH("VPC_Leaf", K45))),SUBSTITUTE(SUBSTITUTE(SUBSTITUTE(K45, "VPC-Leaf", ""), "VPC_Leaf", ""), "_", "-"),A45) | M45: =_xlfn.IFNA(VLOOKUP(_xlfn.CONCAT(VALUE(Table5[[#This Row],[NODE]]),Table5[[#This Row],[PORT]]),PG!C:H,6,0),"NO EXISTE PG") | N45: =_xlfn.IFNA(VLOOKUP(_xlfn.CONCAT(VALUE(Table5[[#This Row],[NODE]]),Table5[[#This Row],[PORT]]),PG!C:H,4,0),"NO EXISTE ISEL") | O45: =COUNTIF(Statics!G:G,Table5[[#This Row],[PG]])+COUNTIF(Statics!H:H,_xlfn.CONCAT((Table5[[#This Row],[NODE]]),Table5[[#This Row],[PORT]])) | P45: =_xlfn.IFNA( VLOOKUP(Table5[[#This Row],[PG]], L3OUTS!F:H, 3, 0), _xlfn.IFNA( VLOOKUP(VALUE(Table5[[#This Row],[NODE]]) & Table5[[#This Row],[PORT]], L3OUTS!G:H, 2, 0), _xlfn.IFNA( VLOOKUP(Table5[[#This Row],[PG]], L3OUTS!G:H, 2, 0), "NO TIENE L3OUT" ) ) ) | Q45: =COUNTIF(Statics!F:F,Table5[[#This Row],[ID]])+COUNTIF(Statics!F:F,VALUE(Table5[[#This Row],[NODE]]))
A46: 101 | B46: 1 | C46: =VLOOKUP(VALUE(Table5[[#This Row],[NODE]]),LEAF_INFO!B:H,6,0) | D46: eth1/23 | E46: down | F46: down | G46: =VLOOKUP(_xlfn.CONCAT(Table5[[#This Row],[NODE]],Table5[[#This Row],[PORT]]),PORTS_!A:G,7,0) | I46: =VLOOKUP(VALUE(Table5[[#This Row],[NODE]]),LEAF_INFO!B:H,7,0) | J46: =ISNUMBER(SEARCH("vpc-leaf", SUBSTITUTE(LOWER(K46), "_", "-"))) | K46: =_xlfn.IFNA(VLOOKUP(VALUE(Table5[[#This Row],[NODE]]), VPC!A:A, 2, 0), "No está en VPC") | L46: =IF(OR(ISNUMBER(SEARCH("VPC-Leaf", K46)), ISNUMBER(SEARCH("VPC_Leaf", K46))),SUBSTITUTE(SUBSTITUTE(SUBSTITUTE(K46, "VPC-Leaf", ""), "VPC_Leaf", ""), "_", "-"),A46) | M46: =_xlfn.IFNA(VLOOKUP(_xlfn.CONCAT(VALUE(Table5[[#This Row],[NODE]]),Table5[[#This Row],[PORT]]),PG!C:H,6,0),"NO EXISTE PG") | N46: =_xlfn.IFNA(VLOOKUP(_xlfn.CONCAT(VALUE(Table5[[#This Row],[NODE]]),Table5[[#This Row],[PORT]]),PG!C:H,4,0),"NO EXISTE ISEL") | O46: =COUNTIF(Statics!G:G,Table5[[#This Row],[PG]])+COUNTIF(Statics!H:H,_xlfn.CONCAT((Table5[[#This Row],[NODE]]),Table5[[#This Row],[PORT]])) | P46: =_xlfn.IFNA( VLOOKUP(Table5[[#This Row],[PG]], L3OUTS!F:H, 3, 0), _xlfn.IFNA( VLOOKUP(VALUE(Table5[[#This Row],[NODE]]) & Table5[[#This Row],[PORT]], L3OUTS!G:H, 2, 0), _xlfn.IFNA( VLOOKUP(Table5[[#This Row],[PG]], L3OUTS!G:H, 2, 0), "NO TIENE L3OUT" ) ) ) | Q46: =COUNTIF(Statics!F:F,Table5[[#This Row],[ID]])+COUNTIF(Statics!F:F,VALUE(Table5[[#This Row],[NODE]]))
A47: 101 | B47: 1 | C47: =VLOOKUP(VALUE(Table5[[#This Row],[NODE]]),LEAF_INFO!B:H,6,0) | D47: eth1/24 | E47: down | F47: down | G47: =VLOOKUP(_xlfn.CONCAT(Table5[[#This Row],[NODE]],Table5[[#This Row],[PORT]]),PORTS_!A:G,7,0) | I47: =VLOOKUP(VALUE(Table5[[#This Row],[NODE]]),LEAF_INFO!B:H,7,0) | J47: =ISNUMBER(SEARCH("vpc-leaf", SUBSTITUTE(LOWER(K47), "_", "-"))) | K47: =_xlfn.IFNA(VLOOKUP(VALUE(Table5[[#This Row],[NODE]]), VPC!A:A, 2, 0), "No está en VPC") | L47: =IF(OR(ISNUMBER(SEARCH("VPC-Leaf", K47)), ISNUMBER(SEARCH("VPC_Leaf", K47))),SUBSTITUTE(SUBSTITUTE(SUBSTITUTE(K47, "VPC-Leaf", ""), "VPC_Leaf", ""), "_", "-"),A47) | M47: =_xlfn.IFNA(VLOOKUP(_xlfn.CONCAT(VALUE(Table5[[#This Row],[NODE]]),Table5[[#This Row],[PORT]]),PG!C:H,6,0),"NO EXISTE PG") | N47: =_xlfn.IFNA(VLOOKUP(_xlfn.CONCAT(VALUE(Table5[[#This Row],[NODE]]),Table5[[#This Row],[PORT]]),PG!C:H,4,0),"NO EXISTE ISEL") | O47: =COUNTIF(Statics!G:G,Table5[[#This Row],[PG]])+COUNTIF(Statics!H:H,_xlfn.CONCAT((Table5[[#This Row],[NODE]]),Table5[[#This Row],[PORT]])) | P47: =_xlfn.IFNA( VLOOKUP(Table5[[#This Row],[PG]], L3OUTS!F:H, 3, 0), _xlfn.IFNA( VLOOKUP(VALUE(Table5[[#This Row],[NODE]]) & Table5[[#This Row],[PORT]], L3OUTS!G:H, 2, 0), _xlfn.IFNA( VLOOKUP(Table5[[#This Row],[PG]], L3OUTS!G:H, 2, 0), "NO TIENE L3OUT" ) ) ) | Q47: =COUNTIF(Statics!F:F,Table5[[#This Row],[ID]])+COUNTIF(Statics!F:F,VALUE(Table5[[#This Row],[NODE]]))
A48: 101 | B48: 1 | C48: =VLOOKUP(VALUE(Table5[[#This Row],[NODE]]),LEAF_INFO!B:H,6,0) | D48: eth1/25 | E48: down | F48: down | G48: =VLOOKUP(_xlfn.CONCAT(Table5[[#This Row],[NODE]],Table5[[#This Row],[PORT]]),PORTS_!A:G,7,0) | I48: =VLOOKUP(VALUE(Table5[[#This Row],[NODE]]),LEAF_INFO!B:H,7,0) | J48: =ISNUMBER(SEARCH("vpc-leaf", SUBSTITUTE(LOWER(K48), "_", "-"))) | K48: =_xlfn.IFNA(VLOOKUP(VALUE(Table5[[#This Row],[NODE]]), VPC!A:A, 2, 0), "No está en VPC") | L48: =IF(OR(ISNUMBER(SEARCH("VPC-Leaf", K48)), ISNUMBER(SEARCH("VPC_Leaf", K48))),SUBSTITUTE(SUBSTITUTE(SUBSTITUTE(K48, "VPC-Leaf", ""), "VPC_Leaf", ""), "_", "-"),A48) | M48: =_xlfn.IFNA(VLOOKUP(_xlfn.CONCAT(VALUE(Table5[[#This Row],[NODE]]),Table5[[#This Row],[PORT]]),PG!C:H,6,0),"NO EXISTE PG") | N48: =_xlfn.IFNA(VLOOKUP(_xlfn.CONCAT(VALUE(Table5[[#This Row],[NODE]]),Table5[[#This Row],[PORT]]),PG!C:H,4,0),"NO EXISTE ISEL") | O48: =COUNTIF(Statics!G:G,Table5[[#This Row],[PG]])+COUNTIF(Statics!H:H,_xlfn.CONCAT((Table5[[#This Row],[NODE]]),Table5[[#This Row],[PORT]])) | P48: =_xlfn.IFNA( VLOOKUP(Table5[[#This Row],[PG]], L3OUTS!F:H, 3, 0), _xlfn.IFNA( VLOOKUP(VALUE(Table5[[#This Row],[NODE]]) & Table5[[#This Row],[PORT]], L3OUTS!G:H, 2, 0), _xlfn.IFNA( VLOOKUP(Table5[[#This Row],[PG]], L3OUTS!G:H, 2, 0), "NO TIENE L3OUT" ) ) ) | Q48: =COUNTIF(Statics!F:F,Table5[[#This Row],[ID]])+COUNTIF(Statics!F:F,VALUE(Table5[[#This Row],[NODE]]))
A49: 101 | B49: 1 | C49: =VLOOKUP(VALUE(Table5[[#This Row],[NODE]]),LEAF_INFO!B:H,6,0) | D49: eth1/26 | E49: down | F49: down | G49: =VLOOKUP(_xlfn.CONCAT(Table5[[#This Row],[NODE]],Table5[[#This Row],[PORT]]),PORTS_!A:G,7,0) | I49: =VLOOKUP(VALUE(Table5[[#This Row],[NODE]]),LEAF_INFO!B:H,7,0) | J49: =ISNUMBER(SEARCH("vpc-leaf", SUBSTITUTE(LOWER(K49), "_", "-"))) | K49: =_xlfn.IFNA(VLOOKUP(VALUE(Table5[[#This Row],[NODE]]), VPC!A:A, 2, 0), "No está en VPC") | L49: =IF(OR(ISNUMBER(SEARCH("VPC-Leaf", K49)), ISNUMBER(SEARCH("VPC_Leaf", K49))),SUBSTITUTE(SUBSTITUTE(SUBSTITUTE(K49, "VPC-Leaf", ""), "VPC_Leaf", ""), "_", "-"),A49) | M49: =_xlfn.IFNA(VLOOKUP(_xlfn.CONCAT(VALUE(Table5[[#This Row],[NODE]]),Table5[[#This Row],[PORT]]),PG!C:H,6,0),"NO EXISTE PG") | N49: =_xlfn.IFNA(VLOOKUP(_xlfn.CONCAT(VALUE(Table5[[#This Row],[NODE]]),Table5[[#This Row],[PORT]]),PG!C:H,4,0),"NO EXISTE ISEL") | O49: =COUNTIF(Statics!G:G,Table5[[#This Row],[PG]])+COUNTIF(Statics!H:H,_xlfn.CONCAT((Table5[[#This Row],[NODE]]),Table5[[#This Row],[PORT]])) | P49: =_xlfn.IFNA( VLOOKUP(Table5[[#This Row],[PG]], L3OUTS!F:H, 3, 0), _xlfn.IFNA( VLOOKUP(VALUE(Table5[[#This Row],[NODE]]) & Table5[[#This Row],[PORT]], L3OUTS!G:H, 2, 0), _xlfn.IFNA( VLOOKUP(Table5[[#This Row],[PG]], L3OUTS!G:H, 2, 0), "NO TIENE L3OUT" ) ) ) | Q49: =COUNTIF(Statics!F:F,Table5[[#This Row],[ID]])+COUNTIF(Statics!F:F,VALUE(Table5[[#This Row],[NODE]]))
... A58: 102 | B58: 1 | C58: =VLOOKUP(VALUE(Table5[[#This Row],[NODE]]),LEAF_INFO!B:H,6,0) | D58: eth1/35 | E58: down | F58: down | G58: =VLOOKUP(_xlfn.CONCAT(Table5[[#This Row],[NODE]],Table5[[#This Row],[PORT]]),PORTS_!A:G,7,0) | I58: =VLOOKUP(VALUE(Table5[[#This Row],[NODE]]),LEAF_INFO!B:H,7,0) | J58: =ISNUMBER(SEARCH("vpc-leaf", SUBSTITUTE(LOWER(K58), "_", "-"))) | K58: =_xlfn.IFNA(VLOOKUP(VALUE(Table5[[#This Row],[NODE]]), VPC!A:A, 2, 0), "No está en VPC") | L58: =IF(OR(ISNUMBER(SEARCH("VPC-Leaf", K58)), ISNUMBER(SEARCH("VPC_Leaf", K58))),SUBSTITUTE(SUBSTITUTE(SUBSTITUTE(K58, "VPC-Leaf", ""), "VPC_Leaf", ""), "_", "-"),A58) | M58: =_xlfn.IFNA(VLOOKUP(_xlfn.CONCAT(VALUE(Table5[[#This Row],[NODE]]),Table5[[#This Row],[PORT]]),PG!C:H,6,0),"NO EXISTE PG") | N58: =_xlfn.IFNA(VLOOKUP(_xlfn.CONCAT(VALUE(Table5[[#This Row],[NODE]]),Table5[[#This Row],[PORT]]),PG!C:H,4,0),"NO EXISTE ISEL") | O58: =COUNTIF(Statics!G:G,Table5[[#This Row],[PG]])+COUNTIF(Statics!H:H,_xlfn.CONCAT((Table5[[#This Row],[NODE]]),Table5[[#This Row],[PORT]])) | P58: =_xlfn.IFNA( VLOOKUP(Table5[[#This Row],[PG]], L3OUTS!F:H, 3, 0), _xlfn.IFNA( VLOOKUP(VALUE(Table5[[#This Row],[NODE]]) & Table5[[#This Row],[PORT]], L3OUTS!G:H, 2, 0), _xlfn.IFNA( VLOOKUP(Table5[[#This Row],[PG]], L3OUTS!G:H, 2, 0), "NO TIENE L3OUT" ) ) ) | Q58: =COUNTIF(Statics!F:F,Table5[[#This Row],[ID]])+COUNTIF(Statics!F:F,VALUE(Table5[[#This Row],[NODE]]))
A59: 102 | B59: 1 | C59: =VLOOKUP(VALUE(Table5[[#This Row],[NODE]]),LEAF_INFO!B:H,6,0) | D59: eth1/36 | E59: up | F59: up | G59: =VLOOKUP(_xlfn.CONCAT(Table5[[#This Row],[NODE]],Table5[[#This Row],[PORT]]),PORTS_!A:G,7,0) | H59: B2B A SMAC2 | I59: =VLOOKUP(VALUE(Table5[[#This Row],[NODE]]),LEAF_INFO!B:H,7,0) | J59: =ISNUMBER(SEARCH("vpc-leaf", SUBSTITUTE(LOWER(K59), "_", "-"))) | K59: =_xlfn.IFNA(VLOOKUP(VALUE(Table5[[#This Row],[NODE]]), VPC!A:A, 2, 0), "No está en VPC") | L59: =IF(OR(ISNUMBER(SEARCH("VPC-Leaf", K59)), ISNUMBER(SEARCH("VPC_Leaf", K59))),SUBSTITUTE(SUBSTITUTE(SUBSTITUTE(K59, "VPC-Leaf", ""), "VPC_Leaf", ""), "_", "-"),A59) | M59: =_xlfn.IFNA(VLOOKUP(_xlfn.CONCAT(VALUE(Table5[[#This Row],[NODE]]),Table5[[#This Row],[PORT]]),PG!C:H,6,0),"NO EXISTE PG") | N59: =_xlfn.IFNA(VLOOKUP(_xlfn.CONCAT(VALUE(Table5[[#This Row],[NODE]]),Table5[[#This Row],[PORT]]),PG!C:H,4,0),"NO EXISTE ISEL") | O59: =COUNTIF(Statics!G:G,Table5[[#This Row],[PG]])+COUNTIF(Statics!H:H,_xlfn.CONCAT((Table5[[#This Row],[NODE]]),Table5[[#This Row],[PORT]])) | P59: =_xlfn.IFNA( VLOOKUP(Table5[[#This Row],[PG]], L3OUTS!F:H, 3, 0), _xlfn.IFNA( VLOOKUP(VALUE(Table5[[#This Row],[NODE]]) & Table5[[#This Row],[PORT]], L3OUTS!G:H, 2, 0), _xlfn.IFNA( VLOOKUP(Table5[[#This Row],[PG]], L3OUTS!G:H, 2, 0), "NO TIENE L3OUT" ) ) ) | Q59: =COUNTIF(Statics!F:F,Table5[[#This Row],[ID]])+COUNTIF(Statics!F:F,VALUE(Table5[[#This Row],[NODE]]))
A60: 102 | B60: 1 | C60: =VLOOKUP(VALUE(Table5[[#This Row],[NODE]]),LEAF_INFO!B:H,6,0) | D60: eth1/37 | E60: down | F60: down | G60: =VLOOKUP(_xlfn.CONCAT(Table5[[#This Row],[NODE]],Table5[[#This Row],[PORT]]),PORTS_!A:G,7,0) | I60: =VLOOKUP(VALUE(Table5[[#This Row],[NODE]]),LEAF_INFO!B:H,7,0) | J60: =ISNUMBER(SEARCH("vpc-leaf", SUBSTITUTE(LOWER(K60), "_", "-"))) | K60: =_xlfn.IFNA(VLOOKUP(VALUE(Table5[[#This Row],[NODE]]), VPC!A:A, 2, 0), "No está en VPC") | L60: =IF(OR(ISNUMBER(SEARCH("VPC-Leaf", K60)), ISNUMBER(SEARCH("VPC_Leaf", K60))),SUBSTITUTE(SUBSTITUTE(SUBSTITUTE(K60, "VPC-Leaf", ""), "VPC_Leaf", ""), "_", "-"),A60) | M60: =_xlfn.IFNA(VLOOKUP(_xlfn.CONCAT(VALUE(Table5[[#This Row],[NODE]]),Table5[[#This Row],[PORT]]),PG!C:H,6,0),"NO EXISTE PG") | N60: =_xlfn.IFNA(VLOOKUP(_xlfn.CONCAT(VALUE(Table5[[#This Row],[NODE]]),Table5[[#This Row],[PORT]]),PG!C:H,4,0),"NO EXISTE ISEL") | O60: =COUNTIF(Statics!G:G,Table5[[#This Row],[PG]])+COUNTIF(Statics!H:H,_xlfn.CONCAT((Table5[[#This Row],[NODE]]),Table5[[#This Row],[PORT]])) | P60: =_xlfn.IFNA( VLOOKUP(Table5[[#This Row],[PG]], L3OUTS!F:H, 3, 0), _xlfn.IFNA( VLOOKUP(VALUE(Table5[[#This Row],[NODE]]) & Table5[[#This Row],[PORT]], L3OUTS!G:H, 2, 0), _xlfn.IFNA( VLOOKUP(Table5[[#This Row],[PG]], L3OUTS!G:H, 2, 0), "NO TIENE L3OUT" ) ) ) | Q60: =COUNTIF(Statics!F:F,Table5[[#This Row],[ID]])+COUNTIF(Statics!F:F,VALUE(Table5[[#This Row],[NODE]]))
A61: 102 | B61: 1 | C61: =VLOOKUP(VALUE(Table5[[#This Row],[NODE]]),LEAF_INFO!B:H,6,0) | D61: eth1/38 | E61: up | F61: up | G61: =VLOOKUP(_xlfn.CONCAT(Table5[[#This Row],[NODE]],Table5[[#This Row],[PORT]]),PORTS_!A:G,7,0) | H61: HACIA RMAC2 BUNDLE110 | I61: =VLOOKUP(VALUE(Table5[[#This Row],[NODE]]),LEAF_INFO!B:H,7,0) | J61: =ISNUMBER(SEARCH("vpc-leaf", SUBSTITUTE(LOWER(K61), "_", "-"))) | K61: =_xlfn.IFNA(VLOOKUP(VALUE(Table5[[#This Row],[NODE]]), VPC!A:A, 2, 0), "No está en VPC") | L61: =IF(OR(ISNUMBER(SEARCH("VPC-Leaf", K61)), ISNUMBER(SEARCH("VPC_Leaf", K61))),SUBSTITUTE(SUBSTITUTE(SUBSTITUTE(K61, "VPC-Leaf", ""), "VPC_Leaf", ""), "_", "-"),A61) | M61: =_xlfn.IFNA(VLOOKUP(_xlfn.CONCAT(VALUE(Table5[[#This Row],[NODE]]),Table5[[#This Row],[PORT]]),PG!C:H,6,0),"NO EXISTE PG") | N61: =_xlfn.IFNA(VLOOKUP(_xlfn.CONCAT(VALUE(Table5[[#This Row],[NODE]]),Table5[[#This Row],[PORT]]),PG!C:H,4,0),"NO EXISTE ISEL") | O61: =COUNTIF(Statics!G:G,Table5[[#This Row],[PG]])+COUNTIF(Statics!H:H,_xlfn.CONCAT((Table5[[#This Row],[NODE]]),Table5[[#This Row],[PORT]])) | P61: =_xlfn.IFNA( VLOOKUP(Table5[[#This Row],[PG]], L3OUTS!F:H, 3, 0), _xlfn.IFNA( VLOOKUP(VALUE(Table5[[#This Row],[NODE]]) & Table5[[#This Row],[PORT]], L3OUTS!G:H, 2, 0), _xlfn.IFNA( VLOOKUP(Table5[[#This Row],[PG]], L3OUTS!G:H, 2, 0), "NO TIENE L3OUT" ) ) ) | Q61: =COUNTIF(Statics!F:F,Table5[[#This Row],[ID]])+COUNTIF(Statics!F:F,VALUE(Table5[[#This Row],[NODE]]))
A62: 102 | B62: 1 | C62: =VLOOKUP(VALUE(Table5[[#This Row],[NODE]]),LEAF_INFO!B:H,6,0) | D62: eth1/39 | E62: down | F62: down | G62: =VLOOKUP(_xlfn.CONCAT(Table5[[#This Row],[NODE]],Table5[[#This Row],[PORT]]),PORTS_!A:G,7,0) | I62: =VLOOKUP(VALUE(Table5[[#This Row],[NODE]]),LEAF_INFO!B:H,7,0) | J62: =ISNUMBER(SEARCH("vpc-leaf", SUBSTITUTE(LOWER(K62), "_", "-"))) | K62: =_xlfn.IFNA(VLOOKUP(VALUE(Table5[[#This Row],[NODE]]), VPC!A:A, 2, 0), "No está en VPC") | L62: =IF(OR(ISNUMBER(SEARCH("VPC-Leaf", K62)), ISNUMBER(SEARCH("VPC_Leaf", K62))),SUBSTITUTE(SUBSTITUTE(SUBSTITUTE(K62, "VPC-Leaf", ""), "VPC_Leaf", ""), "_", "-"),A62) | M62: =_xlfn.IFNA(VLOOKUP(_xlfn.CONCAT(VALUE(Table5[[#This Row],[NODE]]),Table5[[#This Row],[PORT]]),PG!C:H,6,0),"NO EXISTE PG") | N62: =_xlfn.IFNA(VLOOKUP(_xlfn.CONCAT(VALUE(Table5[[#This Row],[NODE]]),Table5[[#This Row],[PORT]]),PG!C:H,4,0),"NO EXISTE ISEL") | O62: =COUNTIF(Statics!G:G,Table5[[#This Row],[PG]])+COUNTIF(Statics!H:H,_xlfn.CONCAT((Table5[[#This Row],[NODE]]),Table5[[#This Row],[PORT]])) | P62: =_xlfn.IFNA( VLOOKUP(Table5[[#This Row],[PG]], L3OUTS!F:H, 3, 0), _xlfn.IFNA( VLOOKUP(VALUE(Table5[[#This Row],[NODE]]) & Table5[[#This Row],[PORT]], L3OUTS!G:H, 2, 0), _xlfn.IFNA( VLOOKUP(Table5[[#This Row],[PG]], L3OUTS!G:H, 2, 0), "NO TIENE L3OUT" ) ) ) | Q62: =COUNTIF(Statics!F:F,Table5[[#This Row],[ID]])+COUNTIF(Statics!F:F,VALUE(Table5[[#This Row],[NODE]]))
A63: 102 | B63: 1 | C63: =VLOOKUP(VALUE(Table5[[#This Row],[NODE]]),LEAF_INFO!B:H,6,0) | D63: eth1/40 | E63: up | F63: up | G63: =VLOOKUP(_xlfn.CONCAT(Table5[[#This Row],[NODE]],Table5[[#This Row],[PORT]]),PORTS_!A:G,7,0) | H63: A 2R_MAC_MXINGEN_2 | B2B | UP-LINK SERVICIOS | I63: =VLOOKUP(VALUE(Table5[[#This Row],[NODE]]),LEAF_INFO!B:H,7,0) | J63: =ISNUMBER(SEARCH("vpc-leaf", SUBSTITUTE(LOWER(K63), "_", "-"))) | K63: =_xlfn.IFNA(VLOOKUP(VALUE(Table5[[#This Row],[NODE]]), VPC!A:A, 2, 0), "No está en VPC") | L63: =IF(OR(ISNUMBER(SEARCH("VPC-Leaf", K63)), ISNUMBER(SEARCH("VPC_Leaf", K63))),SUBSTITUTE(SUBSTITUTE(SUBSTITUTE(K63, "VPC-Leaf", ""), "VPC_Leaf", ""), "_", "-"),A63) | M63: =_xlfn.IFNA(VLOOKUP(_xlfn.CONCAT(VALUE(Table5[[#This Row],[NODE]]),Table5[[#This Row],[PORT]]),PG!C:H,6,0),"NO EXISTE PG") | N63: =_xlfn.IFNA(VLOOKUP(_xlfn.CONCAT(VALUE(Table5[[#This Row],[NODE]]),Table5[[#This Row],[PORT]]),PG!C:H,4,0),"NO EXISTE ISEL") | O63: =COUNTIF(Statics!G:G,Table5[[#This Row],[PG]])+COUNTIF(Statics!H:H,_xlfn.CONCAT((Table5[[#This Row],[NODE]]),Table5[[#This Row],[PORT]])) | P63: =_xlfn.IFNA( VLOOKUP(Table5[[#This Row],[PG]], L3OUTS!F:H, 3, 0), _xlfn.IFNA( VLOOKUP(VALUE(Table5[[#This Row],[NODE]]) & Table5[[#This Row],[PORT]], L3OUTS!G:H, 2, 0), _xlfn.IFNA( VLOOKUP(Table5[[#This Row],[PG]], L3OUTS!G:H, 2, 0), "NO TIENE L3OUT" ) ) ) | Q63: =COUNTIF(Statics!F:F,Table5[[#This Row],[ID]])+COUNTIF(Statics!F:F,VALUE(Table5[[#This Row],[NODE]]))
A64: 102 | B64: 1 | C64: =VLOOKUP(VALUE(Table5[[#This Row],[NODE]]),LEAF_INFO!B:H,6,0) | D64: eth1/41 | E64: up | F64: up | G64: =VLOOKUP(_xlfn.CONCAT(Table5[[#This Row],[NODE]],Table5[[#This Row],[PORT]]),PORTS_!A:G,7,0) | H64: LINK_GESTION | I64: =VLOOKUP(VALUE(Table5[[#This Row],[NODE]]),LEAF_INFO!B:H,7,0) | J64: =ISNUMBER(SEARCH("vpc-leaf", SUBSTITUTE(LOWER(K64), "_", "-"))) | K64: =_xlfn.IFNA(VLOOKUP(VALUE(Table5[[#This Row],[NODE]]), VPC!A:A, 2, 0), "No está en VPC") | L64: =IF(OR(ISNUMBER(SEARCH("VPC-Leaf", K64)), ISNUMBER(SEARCH("VPC_Leaf", K64))),SUBSTITUTE(SUBSTITUTE(SUBSTITUTE(K64, "VPC-Leaf", ""), "VPC_Leaf", ""), "_", "-"),A64) | M64: =_xlfn.IFNA(VLOOKUP(_xlfn.CONCAT(VALUE(Table5[[#This Row],[NODE]]),Table5[[#This Row],[PORT]]),PG!C:H,6,0),"NO EXISTE PG") | N64: =_xlfn.IFNA(VLOOKUP(_xlfn.CONCAT(VALUE(Table5[[#This Row],[NODE]]),Table5[[#This Row],[PORT]]),PG!C:H,4,0),"NO EXISTE ISEL") | O64: =COUNTIF(Statics!G:G,Table5[[#This Row],[PG]])+COUNTIF(Statics!H:H,_xlfn.CONCAT((Table5[[#This Row],[NODE]]),Table5[[#This Row],[PORT]])) | P64: =_xlfn.IFNA( VLOOKUP(Table5[[#This Row],[PG]], L3OUTS!F:H, 3, 0), _xlfn.IFNA( VLOOKUP(VALUE(Table5[[#This Row],[NODE]]) & Table5[[#This Row],[PORT]], L3OUTS!G:H, 2, 0), _xlfn.IFNA( VLOOKUP(Table5[[#This Row],[PG]], L3OUTS!G:H, 2, 0), "NO TIENE L3OUT" ) ) ) | Q64: =COUNTIF(Statics!F:F,Table5[[#This Row],[ID]])+COUNTIF(Statics!F:F,VALUE(Table5[[#This Row],[NODE]]))
A65: 102 | B65: 1 | C65: =VLOOKUP(VALUE(Table5[[#This Row],[NODE]]),LEAF_INFO!B:H,6,0) | D65: eth1/42 | E65: down | F65: down | G65: =VLOOKUP(_xlfn.CONCAT(Table5[[#This Row],[NODE]],Table5[[#This Row],[PORT]]),PORTS_!A:G,7,0) | I65: =VLOOKUP(VALUE(Table5[[#This Row],[NODE]]),LEAF_INFO!B:H,7,0) | J65: =ISNUMBER(SEARCH("vpc-leaf", SUBSTITUTE(LOWER(K65), "_", "-"))) | K65: =_xlfn.IFNA(VLOOKUP(VALUE(Table5[[#This Row],[NODE]]), VPC!A:A, 2, 0), "No está en VPC") | L65: =IF(OR(ISNUMBER(SEARCH("VPC-Leaf", K65)), ISNUMBER(SEARCH("VPC_Leaf", K65))),SUBSTITUTE(SUBSTITUTE(SUBSTITUTE(K65, "VPC-Leaf", ""), "VPC_Leaf", ""), "_", "-"),A65) | M65: =_xlfn.IFNA(VLOOKUP(_xlfn.CONCAT(VALUE(Table5[[#This Row],[NODE]]),Table5[[#This Row],[PORT]]),PG!C:H,6,0),"NO EXISTE PG") | N65: =_xlfn.IFNA(VLOOKUP(_xlfn.CONCAT(VALUE(Table5[[#This Row],[NODE]]),Table5[[#This Row],[PORT]]),PG!C:H,4,0),"NO EXISTE ISEL") | O65: =COUNTIF(Statics!G:G,Table5[[#This Row],[PG]])+COUNTIF(Statics!H:H,_xlfn.CONCAT((Table5[[#This Row],[NODE]]),Table5[[#This Row],[PORT]])) | P65: =_xlfn.IFNA( VLOOKUP(Table5[[#This Row],[PG]], L3OUTS!F:H, 3, 0), _xlfn.IFNA( VLOOKUP(VALUE(Table5[[#This Row],[NODE]]) & Table5[[#This Row],[PORT]], L3OUTS!G:H, 2, 0), _xlfn.IFNA( VLOOKUP(Table5[[#This Row],[PG]], L3OUTS!G:H, 2, 0), "NO TIENE L3OUT" ) ) ) | Q65: =COUNTIF(Statics!F:F,Table5[[#This Row],[ID]])+COUNTIF(Statics!F:F,VALUE(Table5[[#This Row],[NODE]]))
A66: 102 | B66: 1 | C66: =VLOOKUP(VALUE(Table5[[#This Row],[NODE]]),LEAF_INFO!B:H,6,0) | D66: eth1/43 | E66: down | F66: down | G66: =VLOOKUP(_xlfn.CONCAT(Table5[[#This Row],[NODE]],Table5[[#This Row],[PORT]]),PORTS_!A:G,7,0) | I66: =VLOOKUP(VALUE(Table5[[#This Row],[NODE]]),LEAF_INFO!B:H,7,0) | J66: =ISNUMBER(SEARCH("vpc-leaf", SUBSTITUTE(LOWER(K66), "_", "-"))) | K66: =_xlfn.IFNA(VLOOKUP(VALUE(Table5[[#This Row],[NODE]]), VPC!A:A, 2, 0), "No está en VPC") | L66: =IF(OR(ISNUMBER(SEARCH("VPC-Leaf", K66)), ISNUMBER(SEARCH("VPC_Leaf", K66))),SUBSTITUTE(SUBSTITUTE(SUBSTITUTE(K66, "VPC-Leaf", ""), "VPC_Leaf", ""), "_", "-"),A66) | M66: =_xlfn.IFNA(VLOOKUP(_xlfn.CONCAT(VALUE(Table5[[#This Row],[NODE]]),Table5[[#This Row],[PORT]]),PG!C:H,6,0),"NO EXISTE PG") | N66: =_xlfn.IFNA(VLOOKUP(_xlfn.CONCAT(VALUE(Table5[[#This Row],[NODE]]),Table5[[#This Row],[PORT]]),PG!C:H,4,0),"NO EXISTE ISEL") | O66: =COUNTIF(Statics!G:G,Table5[[#This Row],[PG]])+COUNTIF(Statics!H:H,_xlfn.CONCAT((Table5[[#This Row],[NODE]]),Table5[[#This Row],[PORT]])) | P66: =_xlfn.IFNA( VLOOKUP(Table5[[#This Row],[PG]], L3OUTS!F:H, 3, 0), _xlfn.IFNA( VLOOKUP(VALUE(Table5[[#This Row],[NODE]]) & Table5[[#This Row],[PORT]], L3OUTS!G:H, 2, 0), _xlfn.IFNA( VLOOKUP(Table5[[#This Row],[PG]], L3OUTS!G:H, 2, 0), "NO TIENE L3OUT" ) ) ) | Q66: =COUNTIF(Statics!F:F,Table5[[#This Row],[ID]])+COUNTIF(Statics!F:F,VALUE(Table5[[#This Row],[NODE]]))
A67: 102 | B67: 1 | C67: =VLOOKUP(VALUE(Table5[[#This Row],[NODE]]),LEAF_INFO!B:H,6,0) | D67: eth1/44 | E67: down | F67: down | G67: =VLOOKUP(_xlfn.CONCAT(Table5[[#This Row],[NODE]],Table5[[#This Row],[PORT]]),PORTS_!A:G,7,0) | I67: =VLOOKUP(VALUE(Table5[[#This Row],[NODE]]),LEAF_INFO!B:H,7,0) | J67: =ISNUMBER(SEARCH("vpc-leaf", SUBSTITUTE(LOWER(K67), "_", "-"))) | K67: =_xlfn.IFNA(VLOOKUP(VALUE(Table5[[#This Row],[NODE]]), VPC!A:A, 2, 0), "No está en VPC") | L67: =IF(OR(ISNUMBER(SEARCH("VPC-Leaf", K67)), ISNUMBER(SEARCH("VPC_Leaf", K67))),SUBSTITUTE(SUBSTITUTE(SUBSTITUTE(K67, "VPC-Leaf", ""), "VPC_Leaf", ""), "_", "-"),A67) | M67: =_xlfn.IFNA(VLOOKUP(_xlfn.CONCAT(VALUE(Table5[[#This Row],[NODE]]),Table5[[#This Row],[PORT]]),PG!C:H,6,0),"NO EXISTE PG") | N67: =_xlfn.IFNA(VLOOKUP(_xlfn.CONCAT(VALUE(Table5[[#This Row],[NODE]]),Table5[[#This Row],[PORT]]),PG!C:H,4,0),"NO EXISTE ISEL") | O67: =COUNTIF(Statics!G:G,Table5[[#This Row],[PG]])+COUNTIF(Statics!H:H,_xlfn.CONCAT((Table5[[#This Row],[NODE]]),Table5[[#This Row],[PORT]])) | P67: =_xlfn.IFNA( VLOOKUP(Table5[[#This Row],[PG]], L3OUTS!F:H, 3, 0), _xlfn.IFNA( VLOOKUP(VALUE(Table5[[#This Row],[NODE]]) & Table5[[#This Row],[PORT]], L3OUTS!G:H, 2, 0), _xlfn.IFNA( VLOOKUP(Table5[[#This Row],[PG]], L3OUTS!G:H, 2, 0), "NO TIENE L3OUT" ) ) ) | Q67: =COUNTIF(Statics!F:F,Table5[[#This Row],[ID]])+COUNTIF(Statics!F:F,VALUE(Table5[[#This Row],[NODE]]))
A68: 102 | B68: 1 | C68: =VLOOKUP(VALUE(Table5[[#This Row],[NODE]]),LEAF_INFO!B:H,6,0) | D68: eth1/45 | E68: up | F68: up | G68: =VLOOKUP(_xlfn.CONCAT(Table5[[#This Row],[NODE]],Table5[[#This Row],[PORT]]),PORTS_!A:G,7,0) | H68: HACIA RMAC2 BUNDLE110 | I68: =VLOOKUP(VALUE(Table5[[#This Row],[NODE]]),LEAF_INFO!B:H,7,0) | J68: =ISNUMBER(SEARCH("vpc-leaf", SUBSTITUTE(LOWER(K68), "_", "-"))) | K68: =_xlfn.IFNA(VLOOKUP(VALUE(Table5[[#This Row],[NODE]]), VPC!A:A, 2, 0), "No está en VPC") | L68: =IF(OR(ISNUMBER(SEARCH("VPC-Leaf", K68)), ISNUMBER(SEARCH("VPC_Leaf", K68))),SUBSTITUTE(SUBSTITUTE(SUBSTITUTE(K68, "VPC-Leaf", ""), "VPC_Leaf", ""), "_", "-"),A68) | M68: =_xlfn.IFNA(VLOOKUP(_xlfn.CONCAT(VALUE(Table5[[#This Row],[NODE]]),Table5[[#This Row],[PORT]]),PG!C:H,6,0),"NO EXISTE PG") | N68: =_xlfn.IFNA(VLOOKUP(_xlfn.CONCAT(VALUE(Table5[[#This Row],[NODE]]),Table5[[#This Row],[PORT]]),PG!C:H,4,0),"NO EXISTE ISEL") | O68: =COUNTIF(Statics!G:G,Table5[[#This Row],[PG]])+COUNTIF(Statics!H:H,_xlfn.CONCAT((Table5[[#This Row],[NODE]]),Table5[[#This Row],[PORT]])) | P68: =_xlfn.IFNA( VLOOKUP(Table5[[#This Row],[PG]], L3OUTS!F:H, 3, 0), _xlfn.IFNA( VLOOKUP(VALUE(Table5[[#This Row],[NODE]]) & Table5[[#This Row],[PORT]], L3OUTS!G:H, 2, 0), _xlfn.IFNA( VLOOKUP(Table5[[#This Row],[PG]], L3OUTS!G:H, 2, 0), "NO TIENE L3OUT" ) ) ) | Q68: =COUNTIF(Statics!F:F,Table5[[#This Row],[ID]])+COUNTIF(Statics!F:F,VALUE(Table5[[#This Row],[NODE]]))
A69: 102 | B69: 1 | C69: =VLOOKUP(VALUE(Table5[[#This Row],[NODE]]),LEAF_INFO!B:H,6,0) | D69: eth1/46 | E69: up | F69: up | G69: =VLOOKUP(_xlfn.CONCAT(Table5[[#This Row],[NODE]],Table5[[#This Row],[PORT]]),PORTS_!A:G,7,0) | H69: LINK_HACIA_APIC | I69: =VLOOKUP(VALUE(Table5[[#This Row],[NODE]]),LEAF_INFO!B:H,7,0) | J69: =ISNUMBER(SEARCH("vpc-leaf", SUBSTITUTE(LOWER(K69), "_", "-"))) | K69: =_xlfn.IFNA(VLOOKUP(VALUE(Table5[[#This Row],[NODE]]), VPC!A:A, 2, 0), "No está en VPC") | L69: =IF(OR(ISNUMBER(SEARCH("VPC-Leaf", K69)), ISNUMBER(SEARCH("VPC_Leaf", K69))),SUBSTITUTE(SUBSTITUTE(SUBSTITUTE(K69, "VPC-Leaf", ""), "VPC_Leaf", ""), "_", "-"),A69) | M69: =_xlfn.IFNA(VLOOKUP(_xlfn.CONCAT(VALUE(Table5[[#This Row],[NODE]]),Table5[[#This Row],[PORT]]),PG!C:H,6,0),"NO EXISTE PG") | N69: =_xlfn.IFNA(VLOOKUP(_xlfn.CONCAT(VALUE(Table5[[#This Row],[NODE]]),Table5[[#This Row],[PORT]]),PG!C:H,4,0),"NO EXISTE ISEL") | O69: =COUNTIF(Statics!G:G,Table5[[#This Row],[PG]])+COUNTIF(Statics!H:H,_xlfn.CONCAT((Table5[[#This Row],[NODE]]),Table5[[#This Row],[PORT]])) | P69: =_xlfn.IFNA( VLOOKUP(Table5[[#This Row],[PG]], L3OUTS!F:H, 3, 0), _xlfn.IFNA( VLOOKUP(VALUE(Table5[[#This Row],[NODE]]) & Table5[[#This Row],[PORT]], L3OUTS!G:H, 2, 0), _xlfn.IFNA( VLOOKUP(Table5[[#This Row],[PG]], L3OUTS!G:H, 2, 0), "NO TIENE L3OUT" ) ) ) | Q69: =COUNTIF(Statics!F:F,Table5[[#This Row],[ID]])+COUNTIF(Statics!F:F,VALUE(Table5[[#This Row],[NODE]]))
A70: 102 | B70: 1 | C70: =VLOOKUP(VALUE(Table5[[#This Row],[NODE]]),LEAF_INFO!B:H,6,0) | D70: eth1/47 | E70: up | F70: up | G70: =VLOOKUP(_xlfn.CONCAT(Table5[[#This Row],[NODE]],Table5[[#This Row],[PORT]]),PORTS_!A:G,7,0) | H70: LINK_HACIA_APIC | I70: =VLOOKUP(VALUE(Table5[[#This Row],[NODE]]),LEAF_INFO!B:H,7,0) | J70: =ISNUMBER(SEARCH("vpc-leaf", SUBSTITUTE(LOWER(K70), "_", "-"))) | K70: =_xlfn.IFNA(VLOOKUP(VALUE(Table5[[#This Row],[NODE]]), VPC!A:A, 2, 0), "No está en VPC") | L70: =IF(OR(ISNUMBER(SEARCH("VPC-Leaf", K70)), ISNUMBER(SEARCH("VPC_Leaf", K70))),SUBSTITUTE(SUBSTITUTE(SUBSTITUTE(K70, "VPC-Leaf", ""), "VPC_Leaf", ""), "_", "-"),A70) | M70: =_xlfn.IFNA(VLOOKUP(_xlfn.CONCAT(VALUE(Table5[[#This Row],[NODE]]),Table5[[#This Row],[PORT]]),PG!C:H,6,0),"NO EXISTE PG") | N70: =_xlfn.IFNA(VLOOKUP(_xlfn.CONCAT(VALUE(Table5[[#This Row],[NODE]]),Table5[[#This Row],[PORT]]),PG!C:H,4,0),"NO EXISTE ISEL") | O70: =COUNTIF(Statics!G:G,Table5[[#This Row],[PG]])+COUNTIF(Statics!H:H,_xlfn.CONCAT((Table5[[#This Row],[NODE]]),Table5[[#This Row],[PORT]])) | P70: =_xlfn.IFNA( VLOOKUP(Table5[[#This Row],[PG]], L3OUTS!F:H, 3, 0), _xlfn.IFNA( VLOOKUP(VALUE(Table5[[#This Row],[NODE]]) & Table5[[#This Row],[PORT]], L3OUTS!G:H, 2, 0), _xlfn.IFNA( VLOOKUP(Table5[[#This Row],[PG]], L3OUTS!G:H, 2, 0), "NO TIENE L3OUT" ) ) ) | Q70: =COUNTIF(Statics!F:F,Table5[[#This Row],[ID]])+COUNTIF(Statics!F:F,VALUE(Table5[[#This Row],[NODE]]))
A71: 102 | B71: 1 | C71: =VLOOKUP(VALUE(Table5[[#This Row],[NODE]]),LEAF_INFO!B:H,6,0) | D71: eth1/48 | E71: up | F71: up | G71: =VLOOKUP(_xlfn.CONCAT(Table5[[#This Row],[NODE]],Table5[[#This Row],[PORT]]),PORTS_!A:G,7,0) | H71: LINK_HACIA_APIC | I71: =VLOOKUP(VALUE(Table5[[#This Row],[NODE]]),LEAF_INFO!B:H,7,0) | J71: =ISNUMBER(SEARCH("vpc-leaf", SUBSTITUTE(LOWER(K71), "_", "-"))) | K71: =_xlfn.IFNA(VLOOKUP(VALUE(Table5[[#This Row],[NODE]]), VPC!A:A, 2, 0), "No está en VPC") | L71: =IF(OR(ISNUMBER(SEARCH("VPC-Leaf", K71)), ISNUMBER(SEARCH("VPC_Leaf", K71))),SUBSTITUTE(SUBSTITUTE(SUBSTITUTE(K71, "VPC-Leaf", ""), "VPC_Leaf", ""), "_", "-"),A71) | M71: =_xlfn.IFNA(VLOOKUP(_xlfn.CONCAT(VALUE(Table5[[#This Row],[NODE]]),Table5[[#This Row],[PORT]]),PG!C:H,6,0),"NO EXISTE PG") | N71: =_xlfn.IFNA(VLOOKUP(_xlfn.CONCAT(VALUE(Table5[[#This Row],[NODE]]),Table5[[#This Row],[PORT]]),PG!C:H,4,0),"NO EXISTE ISEL") | O71: =COUNTIF(Statics!G:G,Table5[[#This Row],[PG]])+COUNTIF(Statics!H:H,_xlfn.CONCAT((Table5[[#This Row],[NODE]]),Table5[[#This Row],[PORT]])) | P71: =_xlfn.IFNA( VLOOKUP(Table5[[#This Row],[PG]], L3OUTS!F:H, 3, 0), _xlfn.IFNA( VLOOKUP(VALUE(Table5[[#This Row],[NODE]]) & Table5[[#This Row],[PORT]], L3OUTS!G:H, 2, 0), _xlfn.IFNA( VLOOKUP(Table5[[#This Row],[PG]], L3OUTS!G:H, 2, 0), "NO TIENE L3OUT" ) ) ) | Q71: =COUNTIF(Statics!F:F,Table5[[#This Row],[ID]])+COUNTIF(Statics!F:F,VALUE(Table5[[#This Row],[NODE]]))
A72: 102 | B72: 1 | C72: =VLOOKUP(VALUE(Table5[[#This Row],[NODE]]),LEAF_INFO!B:H,6,0) | D72: eth1/49 | E72: down | F72: down | G72: =VLOOKUP(_xlfn.CONCAT(Table5[[#This Row],[NODE]],Table5[[#This Row],[PORT]]),PORTS_!A:G,7,0) | I72: =VLOOKUP(VALUE(Table5[[#This Row],[NODE]]),LEAF_INFO!B:H,7,0) | J72: =ISNUMBER(SEARCH("vpc-leaf", SUBSTITUTE(LOWER(K72), "_", "-"))) | K72: =_xlfn.IFNA(VLOOKUP(VALUE(Table5[[#This Row],[NODE]]), VPC!A:A, 2, 0), "No está en VPC") | L72: =IF(OR(ISNUMBER(SEARCH("VPC-Leaf", K72)), ISNUMBER(SEARCH("VPC_Leaf", K72))),SUBSTITUTE(SUBSTITUTE(SUBSTITUTE(K72, "VPC-Leaf", ""), "VPC_Leaf", ""), "_", "-"),A72) | M72: =_xlfn.IFNA(VLOOKUP(_xlfn.CONCAT(VALUE(Table5[[#This Row],[NODE]]),Table5[[#This Row],[PORT]]),PG!C:H,6,0),"NO EXISTE PG") | N72: =_xlfn.IFNA(VLOOKUP(_xlfn.CONCAT(VALUE(Table5[[#This Row],[NODE]]),Table5[[#This Row],[PORT]]),PG!C:H,4,0),"NO EXISTE ISEL") | O72: =COUNTIF(Statics!G:G,Table5[[#This Row],[PG]])+COUNTIF(Statics!H:H,_xlfn.CONCAT((Table5[[#This Row],[NODE]]),Table5[[#This Row],[PORT]])) | P72: =_xlfn.IFNA( VLOOKUP(Table5[[#This Row],[PG]], L3OUTS!F:H, 3, 0), _xlfn.IFNA( VLOOKUP(VALUE(Table5[[#This Row],[NODE]]) & Table5[[#This Row],[PORT]], L3OUTS!G:H, 2, 0), _xlfn.IFNA( VLOOKUP(Table5[[#This Row],[PG]], L3OUTS!G:H, 2, 0), "NO TIENE L3OUT" ) ) ) | Q72: =COUNTIF(Statics!F:F,Table5[[#This Row],[ID]])+COUNTIF(Statics!F:F,VALUE(Table5[[#This Row],[NODE]]))
A73: 102 | B73: 1 | C73: =VLOOKUP(VALUE(Table5[[#This Row],[NODE]]),LEAF_INFO!B:H,6,0) | D73: eth1/50 | E73: down | F73: down | G73: =VLOOKUP(_xlfn.CONCAT(Table5[[#This Row],[NODE]],Table5[[#This Row],[PORT]]),PORTS_!A:G,7,0) | I73: =VLOOKUP(VALUE(Table5[[#This Row],[NODE]]),LEAF_INFO!B:H,7,0) | J73: =ISNUMBER(SEARCH("vpc-leaf", SUBSTITUTE(LOWER(K73), "_", "-"))) | K73: =_xlfn.IFNA(VLOOKUP(VALUE(Table5[[#This Row],[NODE]]), VPC!A:A, 2, 0), "No está en VPC") | L73: =IF(OR(ISNUMBER(SEARCH("VPC-Leaf", K73)), ISNUMBER(SEARCH("VPC_Leaf", K73))),SUBSTITUTE(SUBSTITUTE(SUBSTITUTE(K73, "VPC-Leaf", ""), "VPC_Leaf", ""), "_", "-"),A73) | M73: =_xlfn.IFNA(VLOOKUP(_xlfn.CONCAT(VALUE(Table5[[#This Row],[NODE]]),Table5[[#This Row],[PORT]]),PG!C:H,6,0),"NO EXISTE PG") | N73: =_xlfn.IFNA(VLOOKUP(_xlfn.CONCAT(VALUE(Table5[[#This Row],[NODE]]),Table5[[#This Row],[PORT]]),PG!C:H,4,0),"NO EXISTE ISEL") | O73: =COUNTIF(Statics!G:G,Table5[[#This Row],[PG]])+COUNTIF(Statics!H:H,_xlfn.CONCAT((Table5[[#This Row],[NODE]]),Table5[[#This Row],[PORT]])) | P73: =_xlfn.IFNA( VLOOKUP(Table5[[#This Row],[PG]], L3OUTS!F:H, 3, 0), _xlfn.IFNA( VLOOKUP(VALUE(Table5[[#This Row],[NODE]]) & Table5[[#This Row],[PORT]], L3OUTS!G:H, 2, 0), _xlfn.IFNA( VLOOKUP(Table5[[#This Row],[PG]], L3OUTS!G:H, 2, 0), "NO TIENE L3OUT" ) ) ) | Q73: =COUNTIF(Statics!F:F,Table5[[#This Row],[ID]])+COUNTIF(Statics!F:F,VALUE(Table5[[#This Row],[NODE]]))
A74: 102 | B74: 1 | C74: =VLOOKUP(VALUE(Table5[[#This Row],[NODE]]),LEAF_INFO!B:H,6,0) | D74: eth1/51 | E74: down | F74: down | G74: =VLOOKUP(_xlfn.CONCAT(Table5[[#This Row],[NODE]],Table5[[#This Row],[PORT]]),PORTS_!A:G,7,0) | I74: =VLOOKUP(VALUE(Table5[[#This Row],[NODE]]),LEAF_INFO!B:H,7,0) | J74: =ISNUMBER(SEARCH("vpc-leaf", SUBSTITUTE(LOWER(K74), "_", "-"))) | K74: =_xlfn.IFNA(VLOOKUP(VALUE(Table5[[#This Row],[NODE]]), VPC!A:A, 2, 0), "No está en VPC") | L74: =IF(OR(ISNUMBER(SEARCH("VPC-Leaf", K74)), ISNUMBER(SEARCH("VPC_Leaf", K74))),SUBSTITUTE(SUBSTITUTE(SUBSTITUTE(K74, "VPC-Leaf", ""), "VPC_Leaf", ""), "_", "-"),A74) | M74: =_xlfn.IFNA(VLOOKUP(_xlfn.CONCAT(VALUE(Table5[[#This Row],[NODE]]),Table5[[#This Row],[PORT]]),PG!C:H,6,0),"NO EXISTE PG") | N74: =_xlfn.IFNA(VLOOKUP(_xlfn.CONCAT(VALUE(Table5[[#This Row],[NODE]]),Table5[[#This Row],[PORT]]),PG!C:H,4,0),"NO EXISTE ISEL") | O74: =COUNTIF(Statics!G:G,Table5[[#This Row],[PG]])+COUNTIF(Statics!H:H,_xlfn.CONCAT((Table5[[#This Row],[NODE]]),Table5[[#This Row],[PORT]])) | P74: =_xlfn.IFNA( VLOOKUP(Table5[[#This Row],[PG]], L3OUTS!F:H, 3, 0), _xlfn.IFNA( VLOOKUP(VALUE(Table5[[#This Row],[NODE]]) & Table5[[#This Row],[PORT]], L3OUTS!G:H, 2, 0), _xlfn.IFNA( VLOOKUP(Table5[[#This Row],[PG]], L3OUTS!G:H, 2, 0), "NO TIENE L3OUT" ) ) ) | Q74: =COUNTIF(Statics!F:F,Table5[[#This Row],[ID]])+COUNTIF(Statics!F:F,VALUE(Table5[[#This Row],[NODE]]))
A75: 102 | B75: 1 | C75: =VLOOKUP(VALUE(Table5[[#This Row],[NODE]]),LEAF_INFO!B:H,6,0) | D75: eth1/52 | E75: down | F75: down | G75: =VLOOKUP(_xlfn.CONCAT(Table5[[#This Row],[NODE]],Table5[[#This Row],[PORT]]),PORTS_!A:G,7,0) | I75: =VLOOKUP(VALUE(Table5[[#This Row],[NODE]]),LEAF_INFO!B:H,7,0) | J75: =ISNUMBER(SEARCH("vpc-leaf", SUBSTITUTE(LOWER(K75), "_", "-"))) | K75: =_xlfn.IFNA(VLOOKUP(VALUE(Table5[[#This Row],[NODE]]), VPC!A:A, 2, 0), "No está en VPC") | L75: =IF(OR(ISNUMBER(SEARCH("VPC-Leaf", K75)), ISNUMBER(SEARCH("VPC_Leaf", K75))),SUBSTITUTE(SUBSTITUTE(SUBSTITUTE(K75, "VPC-Leaf", ""), "VPC_Leaf", ""), "_", "-"),A75) | M75: =_xlfn.IFNA(VLOOKUP(_xlfn.CONCAT(VALUE(Table5[[#This Row],[NODE]]),Table5[[#This Row],[PORT]]),PG!C:H,6,0),"NO EXISTE PG") | N75: =_xlfn.IFNA(VLOOKUP(_xlfn.CONCAT(VALUE(Table5[[#This Row],[NODE]]),Table5[[#This Row],[PORT]]),PG!C:H,4,0),"NO EXISTE ISEL") | O75: =COUNTIF(Statics!G:G,Table5[[#This Row],[PG]])+COUNTIF(Statics!H:H,_xlfn.CONCAT((Table5[[#This Row],[NODE]]),Table5[[#This Row],[PORT]])) | P75: =_xlfn.IFNA( VLOOKUP(Table5[[#This Row],[PG]], L3OUTS!F:H, 3, 0), _xlfn.IFNA( VLOOKUP(VALUE(Table5[[#This Row],[NODE]]) & Table5[[#This Row],[PORT]], L3OUTS!G:H, 2, 0), _xlfn.IFNA( VLOOKUP(Table5[[#This Row],[PG]], L3OUTS!G:H, 2, 0), "NO TIENE L3OUT" ) ) ) | Q75: =COUNTIF(Statics!F:F,Table5[[#This Row],[ID]])+COUNTIF(Statics!F:F,VALUE(Table5[[#This Row],[NODE]]))
A76: 102 | B76: 1 | C76: =VLOOKUP(VALUE(Table5[[#This Row],[NODE]]),LEAF_INFO!B:H,6,0) | D76: eth1/53 | E76: up | F76: up | G76: =VLOOKUP(_xlfn.CONCAT(Table5[[#This Row],[NODE]],Table5[[#This Row],[PORT]]),PORTS_!A:G,7,0) | H76: LINK_HACIA_SPINE | I76: =VLOOKUP(VALUE(Table5[[#This Row],[NODE]]),LEAF_INFO!B:H,7,0) | J76: =ISNUMBER(SEARCH("vpc-leaf", SUBSTITUTE(LOWER(K76), "_", "-"))) | K76: =_xlfn.IFNA(VLOOKUP(VALUE(Table5[[#This Row],[NODE]]), VPC!A:A, 2, 0), "No está en VPC") | L76: =IF(OR(ISNUMBER(SEARCH("VPC-Leaf", K76)), ISNUMBER(SEARCH("VPC_Leaf", K76))),SUBSTITUTE(SUBSTITUTE(SUBSTITUTE(K76, "VPC-Leaf", ""), "VPC_Leaf", ""), "_", "-"),A76) | M76: =_xlfn.IFNA(VLOOKUP(_xlfn.CONCAT(VALUE(Table5[[#This Row],[NODE]]),Table5[[#This Row],[PORT]]),PG!C:H,6,0),"NO EXISTE PG") | N76: =_xlfn.IFNA(VLOOKUP(_xlfn.CONCAT(VALUE(Table5[[#This Row],[NODE]]),Table5[[#This Row],[PORT]]),PG!C:H,4,0),"NO EXISTE ISEL") | O76: =COUNTIF(Statics!G:G,Table5[[#This Row],[PG]])+COUNTIF(Statics!H:H,_xlfn.CONCAT((Table5[[#This Row],[NODE]]),Table5[[#This Row],[PORT]])) | P76: =_xlfn.IFNA( VLOOKUP(Table5[[#This Row],[PG]], L3OUTS!F:H, 3, 0), _xlfn.IFNA( VLOOKUP(VALUE(Table5[[#This Row],[NODE]]) & Table5[[#This Row],[PORT]], L3OUTS!G:H, 2, 0), _xlfn.IFNA( VLOOKUP(Table5[[#This Row],[PG]], L3OUTS!G:H, 2, 0), "NO TIENE L3OUT" ) ) ) | Q76: =COUNTIF(Statics!F:F,Table5[[#This Row],[ID]])+COUNTIF(Statics!F:F,VALUE(Table5[[#This Row],[NODE]]))
A77: 102 | B77: 1 | C77: =VLOOKUP(VALUE(Table5[[#This Row],[NODE]]),LEAF_INFO!B:H,6,0) | D77: eth1/54 | E77: up | F77: up | G77: =VLOOKUP(_xlfn.CONCAT(Table5[[#This Row],[NODE]],Table5[[#This Row],[PORT]]),PORTS_!A:G,7,0) | H77: LINK_HACIA_SPINE | I77: =VLOOKUP(VALUE(Table5[[#This Row],[NODE]]),LEAF_INFO!B:H,7,0) | J77: =ISNUMBER(SEARCH("vpc-leaf", SUBSTITUTE(LOWER(K77), "_", "-"))) | K77: =_xlfn.IFNA(VLOOKUP(VALUE(Table5[[#This Row],[NODE]]), VPC!A:A, 2, 0), "No está en VPC") | L77: =IF(OR(ISNUMBER(SEARCH("VPC-Leaf", K77)), ISNUMBER(SEARCH("VPC_Leaf", K77))),SUBSTITUTE(SUBSTITUTE(SUBSTITUTE(K77, "VPC-Leaf", ""), "VPC_Leaf", ""), "_", "-"),A77) | M77: =_xlfn.IFNA(VLOOKUP(_xlfn.CONCAT(VALUE(Table5[[#This Row],[NODE]]),Table5[[#This Row],[PORT]]),PG!C:H,6,0),"NO EXISTE PG") | N77: =_xlfn.IFNA(VLOOKUP(_xlfn.CONCAT(VALUE(Table5[[#This Row],[NODE]]),Table5[[#This Row],[PORT]]),PG!C:H,4,0),"NO EXISTE ISEL") | O77: =COUNTIF(Statics!G:G,Table5[[#This Row],[PG]])+COUNTIF(Statics!H:H,_xlfn.CONCAT((Table5[[#This Row],[NODE]]),Table5[[#This Row],[PORT]])) | P77: =_xlfn.IFNA( VLOOKUP(Table5[[#This Row],[PG]], L3OUTS!F:H, 3, 0), _xlfn.IFNA( VLOOKUP(VALUE(Table5[[#This Row],[NODE]]) & Table5[[#This Row],[PORT]], L3OUTS!G:H, 2, 0), _xlfn.IFNA( VLOOKUP(Table5[[#This Row],[PG]], L3OUTS!G:H, 2, 0), "NO TIENE L3OUT" ) ) ) | Q77: =COUNTIF(Statics!F:F,Table5[[#This Row],[ID]])+COUNTIF(Statics!F:F,VALUE(Table5[[#This Row],[NODE]]))
A78: 102 | B78: 1 | C78: =VLOOKUP(VALUE(Table5[[#This Row],[NODE]]),LEAF_INFO!B:H,6,0) | D78: eth1/1 | E78: down | F78: down | G78: =VLOOKUP(_xlfn.CONCAT(Table5[[#This Row],[NODE]],Table5[[#This Row],[PORT]]),PORTS_!A:G,7,0) | I78: =VLOOKUP(VALUE(Table5[[#This Row],[NODE]]),LEAF_INFO!B:H,7,0) | J78: =ISNUMBER(SEARCH("vpc-leaf", SUBSTITUTE(LOWER(K78), "_", "-"))) | K78: =_xlfn.IFNA(VLOOKUP(VALUE(Table5[[#This Row],[NODE]]), VPC!A:A, 2, 0), "No está en VPC") | L78: =IF(OR(ISNUMBER(SEARCH("VPC-Leaf", K78)), ISNUMBER(SEARCH("VPC_Leaf", K78))),SUBSTITUTE(SUBSTITUTE(SUBSTITUTE(K78, "VPC-Leaf", ""), "VPC_Leaf", ""), "_", "-"),A78) | M78: =_xlfn.IFNA(VLOOKUP(_xlfn.CONCAT(VALUE(Table5[[#This Row],[NODE]]),Table5[[#This Row],[PORT]]),PG!C:H,6,0),"NO EXISTE PG") | N78: =_xlfn.IFNA(VLOOKUP(_xlfn.CONCAT(VALUE(Table5[[#This Row],[NODE]]),Table5[[#This Row],[PORT]]),PG!C:H,4,0),"NO EXISTE ISEL") | O78: =COUNTIF(Statics!G:G,Table5[[#This Row],[PG]])+COUNTIF(Statics!H:H,_xlfn.CONCAT((Table5[[#This Row],[NODE]]),Table5[[#This Row],[PORT]])) | P78: =_xlfn.IFNA( VLOOKUP(Table5[[#This Row],[PG]], L3OUTS!F:H, 3, 0), _xlfn.IFNA( VLOOKUP(VALUE(Table5[[#This Row],[NODE]]) & Table5[[#This Row],[PORT]], L3OUTS!G:H, 2, 0), _xlfn.IFNA( VLOOKUP(Table5[[#This Row],[PG]], L3OUTS!G:H, 2, 0), "NO TIENE L3OUT" ) ) ) | Q78: =COUNTIF(Statics!F:F,Table5[[#This Row],[ID]])+COUNTIF(Statics!F:F,VALUE(Table5[[#This Row],[NODE]]))
A79: 102 | B79: 1 | C79: =VLOOKUP(VALUE(Table5[[#This Row],[NODE]]),LEAF_INFO!B:H,6,0) | D79: eth1/2 | E79: down | F79: down | G79: =VLOOKUP(_xlfn.CONCAT(Table5[[#This Row],[NODE]],Table5[[#This Row],[PORT]]),PORTS_!A:G,7,0) | I79: =VLOOKUP(VALUE(Table5[[#This Row],[NODE]]),LEAF_INFO!B:H,7,0) | J79: =ISNUMBER(SEARCH("vpc-leaf", SUBSTITUTE(LOWER(K79), "_", "-"))) | K79: =_xlfn.IFNA(VLOOKUP(VALUE(Table5[[#This Row],[NODE]]), VPC!A:A, 2, 0), "No está en VPC") | L79: =IF(OR(ISNUMBER(SEARCH("VPC-Leaf", K79)), ISNUMBER(SEARCH("VPC_Leaf", K79))),SUBSTITUTE(SUBSTITUTE(SUBSTITUTE(K79, "VPC-Leaf", ""), "VPC_Leaf", ""), "_", "-"),A79) | M79: =_xlfn.IFNA(VLOOKUP(_xlfn.CONCAT(VALUE(Table5[[#This Row],[NODE]]),Table5[[#This Row],[PORT]]),PG!C:H,6,0),"NO EXISTE PG") | N79: =_xlfn.IFNA(VLOOKUP(_xlfn.CONCAT(VALUE(Table5[[#This Row],[NODE]]),Table5[[#This Row],[PORT]]),PG!C:H,4,0),"NO EXISTE ISEL") | O79: =COUNTIF(Statics!G:G,Table5[[#This Row],[PG]])+COUNTIF(Statics!H:H,_xlfn.CONCAT((Table5[[#This Row],[NODE]]),Table5[[#This Row],[PORT]])) | P79: =_xlfn.IFNA( VLOOKUP(Table5[[#This Row],[PG]], L3OUTS!F:H, 3, 0), _xlfn.IFNA( VLOOKUP(VALUE(Table5[[#This Row],[NODE]]) & Table5[[#This Row],[PORT]], L3OUTS!G:H, 2, 0), _xlfn.IFNA( VLOOKUP(Table5[[#This Row],[PG]], L3OUTS!G:H, 2, 0), "NO TIENE L3OUT" ) ) ) | Q79: =COUNTIF(Statics!F:F,Table5[[#This Row],[ID]])+COUNTIF(Statics!F:F,VALUE(Table5[[#This Row],[NODE]]))
A80: 102 | B80: 1 | C80: =VLOOKUP(VALUE(Table5[[#This Row],[NODE]]),LEAF_INFO!B:H,6,0) | D80: eth1/3 | E80: down | F80: down | G80: =VLOOKUP(_xlfn.CONCAT(Table5[[#This Row],[NODE]],Table5[[#This Row],[PORT]]),PORTS_!A:G,7,0) | I80: =VLOOKUP(VALUE(Table5[[#This Row],[NODE]]),LEAF_INFO!B:H,7,0) | J80: =ISNUMBER(SEARCH("vpc-leaf", SUBSTITUTE(LOWER(K80), "_", "-"))) | K80: =_xlfn.IFNA(VLOOKUP(VALUE(Table5[[#This Row],[NODE]]), VPC!A:A, 2, 0), "No está en VPC") | L80: =IF(OR(ISNUMBER(SEARCH("VPC-Leaf", K80)), ISNUMBER(SEARCH("VPC_Leaf", K80))),SUBSTITUTE(SUBSTITUTE(SUBSTITUTE(K80, "VPC-Leaf", ""), "VPC_Leaf", ""), "_", "-"),A80) | M80: =_xlfn.IFNA(VLOOKUP(_xlfn.CONCAT(VALUE(Table5[[#This Row],[NODE]]),Table5[[#This Row],[PORT]]),PG!C:H,6,0),"NO EXISTE PG") | N80: =_xlfn.IFNA(VLOOKUP(_xlfn.CONCAT(VALUE(Table5[[#This Row],[NODE]]),Table5[[#This Row],[PORT]]),PG!C:H,4,0),"NO EXISTE ISEL") | O80: =COUNTIF(Statics!G:G,Table5[[#This Row],[PG]])+COUNTIF(Statics!H:H,_xlfn.CONCAT((Table5[[#This Row],[NODE]]),Table5[[#This Row],[PORT]])) | P80: =_xlfn.IFNA( VLOOKUP(Table5[[#This Row],[PG]], L3OUTS!F:H, 3, 0), _xlfn.IFNA( VLOOKUP(VALUE(Table5[[#This Row],[NODE]]) & Table5[[#This Row],[PORT]], L3OUTS!G:H, 2, 0), _xlfn.IFNA( VLOOKUP(Table5[[#This Row],[PG]], L3OUTS!G:H, 2, 0), "NO TIENE L3OUT" ) ) ) | Q80: =COUNTIF(Statics!F:F,Table5[[#This Row],[ID]])+COUNTIF(Statics!F:F,VALUE(Table5[[#This Row],[NODE]]))
A81: 102 | B81: 1 | C81: =VLOOKUP(VALUE(Table5[[#This Row],[NODE]]),LEAF_INFO!B:H,6,0) | D81: eth1/4 | E81: down | F81: down | G81: =VLOOKUP(_xlfn.CONCAT(Table5[[#This Row],[NODE]],Table5[[#This Row],[PORT]]),PORTS_!A:G,7,0) | I81: =VLOOKUP(VALUE(Table5[[#This Row],[NODE]]),LEAF_INFO!B:H,7,0) | J81: =ISNUMBER(SEARCH("vpc-leaf", SUBSTITUTE(LOWER(K81), "_", "-"))) | K81: =_xlfn.IFNA(VLOOKUP(VALUE(Table5[[#This Row],[NODE]]), VPC!A:A, 2, 0), "No está en VPC") | L81: =IF(OR(ISNUMBER(SEARCH("VPC-Leaf", K81)), ISNUMBER(SEARCH("VPC_Leaf", K81))),SUBSTITUTE(SUBSTITUTE(SUBSTITUTE(K81, "VPC-Leaf", ""), "VPC_Leaf", ""), "_", "-"),A81) | M81: =_xlfn.IFNA(VLOOKUP(_xlfn.CONCAT(VALUE(Table5[[#This Row],[NODE]]),Table5[[#This Row],[PORT]]),PG!C:H,6,0),"NO EXISTE PG") | N81: =_xlfn.IFNA(VLOOKUP(_xlfn.CONCAT(VALUE(Table5[[#This Row],[NODE]]),Table5[[#This Row],[PORT]]),PG!C:H,4,0),"NO EXISTE ISEL") | O81: =COUNTIF(Statics!G:G,Table5[[#This Row],[PG]])+COUNTIF(Statics!H:H,_xlfn.CONCAT((Table5[[#This Row],[NODE]]),Table5[[#This Row],[PORT]])) | P81: =_xlfn.IFNA( VLOOKUP(Table5[[#This Row],[PG]], L3OUTS!F:H, 3, 0), _xlfn.IFNA( VLOOKUP(VALUE(Table5[[#This Row],[NODE]]) & Table5[[#This Row],[PORT]], L3OUTS!G:H, 2, 0), _xlfn.IFNA( VLOOKUP(Table5[[#This Row],[PG]], L3OUTS!G:H, 2, 0), "NO TIENE L3OUT" ) ) ) | Q81: =COUNTIF(Statics!F:F,Table5[[#This Row],[ID]])+COUNTIF(Statics!F:F,VALUE(Table5[[#This Row],[NODE]]))
A82: 102 | B82: 1 | C82: =VLOOKUP(VALUE(Table5[[#This Row],[NODE]]),LEAF_INFO!B:H,6,0) | D82: eth1/5 | E82: down | F82: down | G82: =VLOOKUP(_xlfn.CONCAT(Table5[[#This Row],[NODE]],Table5[[#This Row],[PORT]]),PORTS_!A:G,7,0) | I82: =VLOOKUP(VALUE(Table5[[#This Row],[NODE]]),LEAF_INFO!B:H,7,0) | J82: =ISNUMBER(SEARCH("vpc-leaf", SUBSTITUTE(LOWER(K82), "_", "-"))) | K82: =_xlfn.IFNA(VLOOKUP(VALUE(Table5[[#This Row],[NODE]]), VPC!A:A, 2, 0), "No está en VPC") | L82: =IF(OR(ISNUMBER(SEARCH("VPC-Leaf", K82)), ISNUMBER(SEARCH("VPC_Leaf", K82))),SUBSTITUTE(SUBSTITUTE(SUBSTITUTE(K82, "VPC-Leaf", ""), "VPC_Leaf", ""), "_", "-"),A82) | M82: =_xlfn.IFNA(VLOOKUP(_xlfn.CONCAT(VALUE(Table5[[#This Row],[NODE]]),Table5[[#This Row],[PORT]]),PG!C:H,6,0),"NO EXISTE PG") | N82: =_xlfn.IFNA(VLOOKUP(_xlfn.CONCAT(VALUE(Table5[[#This Row],[NODE]]),Table5[[#This Row],[PORT]]),PG!C:H,4,0),"NO EXISTE ISEL") | O82: =COUNTIF(Statics!G:G,Table5[[#This Row],[PG]])+COUNTIF(Statics!H:H,_xlfn.CONCAT((Table5[[#This Row],[NODE]]),Table5[[#This Row],[PORT]])) | P82: =_xlfn.IFNA( VLOOKUP(Table5[[#This Row],[PG]], L3OUTS!F:H, 3, 0), _xlfn.IFNA( VLOOKUP(VALUE(Table5[[#This Row],[NODE]]) & Table5[[#This Row],[PORT]], L3OUTS!G:H, 2, 0), _xlfn.IFNA( VLOOKUP(Table5[[#This Row],[PG]], L3OUTS!G:H, 2, 0), "NO TIENE L3OUT" ) ) ) | Q82: =COUNTIF(Statics!F:F,Table5[[#This Row],[ID]])+COUNTIF(Statics!F:F,VALUE(Table5[[#This Row],[NODE]]))
A83: 102 | B83: 1 | C83: =VLOOKUP(VALUE(Table5[[#This Row],[NODE]]),LEAF_INFO!B:H,6,0) | D83: eth1/6 | E83: up | F83: up | G83: =VLOOKUP(_xlfn.CONCAT(Table5[[#This Row],[NODE]],Table5[[#This Row],[PORT]]),PORTS_!A:G,7,0) | H83: To_BSC_ERICCSON_02 | I83: =VLOOKUP(VALUE(Table5[[#This Row],[NODE]]),LEAF_INFO!B:H,7,0) | J83: =ISNUMBER(SEARCH("vpc-leaf", SUBSTITUTE(LOWER(K83), "_", "-"))) | K83: =_xlfn.IFNA(VLOOKUP(VALUE(Table5[[#This Row],[NODE]]), VPC!A:A, 2, 0), "No está en VPC") | L83: =IF(OR(ISNUMBER(SEARCH("VPC-Leaf", K83)), ISNUMBER(SEARCH("VPC_Leaf", K83))),SUBSTITUTE(SUBSTITUTE(SUBSTITUTE(K83, "VPC-Leaf", ""), "VPC_Leaf", ""), "_", "-"),A83) | M83: =_xlfn.IFNA(VLOOKUP(_xlfn.CONCAT(VALUE(Table5[[#This Row],[NODE]]),Table5[[#This Row],[PORT]]),PG!C:H,6,0),"NO EXISTE PG") | N83: =_xlfn.IFNA(VLOOKUP(_xlfn.CONCAT(VALUE(Table5[[#This Row],[NODE]]),Table5[[#This Row],[PORT]]),PG!C:H,4,0),"NO EXISTE ISEL") | O83: =COUNTIF(Statics!G:G,Table5[[#This Row],[PG]])+COUNTIF(Statics!H:H,_xlfn.CONCAT((Table5[[#This Row],[NODE]]),Table5[[#This Row],[PORT]])) | P83: =_xlfn.IFNA( VLOOKUP(Table5[[#This Row],[PG]], L3OUTS!F:H, 3, 0), _xlfn.IFNA( VLOOKUP(VALUE(Table5[[#This Row],[NODE]]) & Table5[[#This Row],[PORT]], L3OUTS!G:H, 2, 0), _xlfn.IFNA( VLOOKUP(Table5[[#This Row],[PG]], L3OUTS!G:H, 2, 0), "NO TIENE L3OUT" ) ) ) | Q83: =COUNTIF(Statics!F:F,Table5[[#This Row],[ID]])+COUNTIF(Statics!F:F,VALUE(Table5[[#This Row],[NODE]]))
A84: 102 | B84: 1 | C84: =VLOOKUP(VALUE(Table5[[#This Row],[NODE]]),LEAF_INFO!B:H,6,0) | D84: eth1/7 | E84: up | F84: up | G84: =VLOOKUP(_xlfn.CONCAT(Table5[[#This Row],[NODE]],Table5[[#This Row],[PORT]]),PORTS_!A:G,7,0) | H84: To_PTMP-UG0-1710-0008 | I84: =VLOOKUP(VALUE(Table5[[#This Row],[NODE]]),LEAF_INFO!B:H,7,0) | J84: =ISNUMBER(SEARCH("vpc-leaf", SUBSTITUTE(LOWER(K84), "_", "-"))) | K84: =_xlfn.IFNA(VLOOKUP(VALUE(Table5[[#This Row],[NODE]]), VPC!A:A, 2, 0), "No está en VPC") | L84: =IF(OR(ISNUMBER(SEARCH("VPC-Leaf", K84)), ISNUMBER(SEARCH("VPC_Leaf", K84))),SUBSTITUTE(SUBSTITUTE(SUBSTITUTE(K84, "VPC-Leaf", ""), "VPC_Leaf", ""), "_", "-"),A84) | M84: =_xlfn.IFNA(VLOOKUP(_xlfn.CONCAT(VALUE(Table5[[#This Row],[NODE]]),Table5[[#This Row],[PORT]]),PG!C:H,6,0),"NO EXISTE PG") | N84: =_xlfn.IFNA(VLOOKUP(_xlfn.CONCAT(VALUE(Table5[[#This Row],[NODE]]),Table5[[#This Row],[PORT]]),PG!C:H,4,0),"NO EXISTE ISEL") | O84: =COUNTIF(Statics!G:G,Table5[[#This Row],[PG]])+COUNTIF(Statics!H:H,_xlfn.CONCAT((Table5[[#This Row],[NODE]]),Table5[[#This Row],[PORT]])) | P84: =_xlfn.IFNA( VLOOKUP(Table5[[#This Row],[PG]], L3OUTS!F:H, 3, 0), _xlfn.IFNA( VLOOKUP(VALUE(Table5[[#This Row],[NODE]]) & Table5[[#This Row],[PORT]], L3OUTS!G:H, 2, 0), _xlfn.IFNA( VLOOKUP(Table5[[#This Row],[PG]], L3OUTS!G:H, 2, 0), "NO TIENE L3OUT" ) ) ) | Q84: =COUNTIF(Statics!F:F,Table5[[#This Row],[ID]])+COUNTIF(Statics!F:F,VALUE(Table5[[#This Row],[NODE]]))
A85: 102 | B85: 1 | C85: =VLOOKUP(VALUE(Table5[[#This Row],[NODE]]),LEAF_INFO!B:H,6,0) | D85: eth1/8 | E85: up | F85: up | G85: =VLOOKUP(_xlfn.CONCAT(Table5[[#This Row],[NODE]],Table5[[#This Row],[PORT]]),PORTS_!A:G,7,0) | H85: To_PTMP-UG0-1507-0002 | I85: =VLOOKUP(VALUE(Table5[[#This Row],[NODE]]),LEAF_INFO!B:H,7,0) | J85: =ISNUMBER(SEARCH("vpc-leaf", SUBSTITUTE(LOWER(K85), "_", "-"))) | K85: =_xlfn.IFNA(VLOOKUP(VALUE(Table5[[#This Row],[NODE]]), VPC!A:A, 2, 0), "No está en VPC") | L85: =IF(OR(ISNUMBER(SEARCH("VPC-Leaf", K85)), ISNUMBER(SEARCH("VPC_Leaf", K85))),SUBSTITUTE(SUBSTITUTE(SUBSTITUTE(K85, "VPC-Leaf", ""), "VPC_Leaf", ""), "_", "-"),A85) | M85: =_xlfn.IFNA(VLOOKUP(_xlfn.CONCAT(VALUE(Table5[[#This Row],[NODE]]),Table5[[#This Row],[PORT]]),PG!C:H,6,0),"NO EXISTE PG") | N85: =_xlfn.IFNA(VLOOKUP(_xlfn.CONCAT(VALUE(Table5[[#This Row],[NODE]]),Table5[[#This Row],[PORT]]),PG!C:H,4,0),"NO EXISTE ISEL") | O85: =COUNTIF(Statics!G:G,Table5[[#This Row],[PG]])+COUNTIF(Statics!H:H,_xlfn.CONCAT((Table5[[#This Row],[NODE]]),Table5[[#This Row],[PORT]])) | P85: =_xlfn.IFNA( VLOOKUP(Table5[[#This Row],[PG]], L3OUTS!F:H, 3, 0), _xlfn.IFNA( VLOOKUP(VALUE(Table5[[#This Row],[NODE]]) & Table5[[#This Row],[PORT]], L3OUTS!G:H, 2, 0), _xlfn.IFNA( VLOOKUP(Table5[[#This Row],[PG]], L3OUTS!G:H, 2, 0), "NO TIENE L3OUT" ) ) ) | Q85: =COUNTIF(Statics!F:F,Table5[[#This Row],[ID]])+COUNTIF(Statics!F:F,VALUE(Table5[[#This Row],[NODE]]))
A86: 102 | B86: 1 | C86: =VLOOKUP(VALUE(Table5[[#This Row],[NODE]]),LEAF_INFO!B:H,6,0) | D86: eth1/9 | E86: up | F86: up | G86: =VLOOKUP(_xlfn.CONCAT(Table5[[#This Row],[NODE]],Table5[[#This Row],[PORT]]),PORTS_!A:G,7,0) | H86: LINK HACIA To_PTMP-UG0-1208-0008 | I86: =VLOOKUP(VALUE(Table5[[#This Row],[NODE]]),LEAF_INFO!B:H,7,0) | J86: =ISNUMBER(SEARCH("vpc-leaf", SUBSTITUTE(LOWER(K86), "_", "-"))) | K86: =_xlfn.IFNA(VLOOKUP(VALUE(Table5[[#This Row],[NODE]]), VPC!A:A, 2, 0), "No está en VPC") | L86: =IF(OR(ISNUMBER(SEARCH("VPC-Leaf", K86)), ISNUMBER(SEARCH("VPC_Leaf", K86))),SUBSTITUTE(SUBSTITUTE(SUBSTITUTE(K86, "VPC-Leaf", ""), "VPC_Leaf", ""), "_", "-"),A86) | M86: =_xlfn.IFNA(VLOOKUP(_xlfn.CONCAT(VALUE(Table5[[#This Row],[NODE]]),Table5[[#This Row],[PORT]]),PG!C:H,6,0),"NO EXISTE PG") | N86: =_xlfn.IFNA(VLOOKUP(_xlfn.CONCAT(VALUE(Table5[[#This Row],[NODE]]),Table5[[#This Row],[PORT]]),PG!C:H,4,0),"NO EXISTE ISEL") | O86: =COUNTIF(Statics!G:G,Table5[[#This Row],[PG]])+COUNTIF(Statics!H:H,_xlfn.CONCAT((Table5[[#This Row],[NODE]]),Table5[[#This Row],[PORT]])) | P86: =_xlfn.IFNA( VLOOKUP(Table5[[#This Row],[PG]], L3OUTS!F:H, 3, 0), _xlfn.IFNA( VLOOKUP(VALUE(Table5[[#This Row],[NODE]]) & Table5[[#This Row],[PORT]], L3OUTS!G:H, 2, 0), _xlfn.IFNA( VLOOKUP(Table5[[#This Row],[PG]], L3OUTS!G:H, 2, 0), "NO TIENE L3OUT" ) ) ) | Q86: =COUNTIF(Statics!F:F,Table5[[#This Row],[ID]])+COUNTIF(Statics!F:F,VALUE(Table5[[#This Row],[NODE]]))
A87: 102 | B87: 1 | C87: =VLOOKUP(VALUE(Table5[[#This Row],[NODE]]),LEAF_INFO!B:H,6,0) | D87: eth1/10 | E87: up | F87: up | G87: =VLOOKUP(_xlfn.CONCAT(Table5[[#This Row],[NODE]],Table5[[#This Row],[PORT]]),PORTS_!A:G,7,0) | H87: To_EVO1_INGEV1 | I87: =VLOOKUP(VALUE(Table5[[#This Row],[NODE]]),LEAF_INFO!B:H,7,0) | J87: =ISNUMBER(SEARCH("vpc-leaf", SUBSTITUTE(LOWER(K87), "_", "-"))) | K87: =_xlfn.IFNA(VLOOKUP(VALUE(Table5[[#This Row],[NODE]]), VPC!A:A, 2, 0), "No está en VPC") | L87: =IF(OR(ISNUMBER(SEARCH("VPC-Leaf", K87)), ISNUMBER(SEARCH("VPC_Leaf", K87))),SUBSTITUTE(SUBSTITUTE(SUBSTITUTE(K87, "VPC-Leaf", ""), "VPC_Leaf", ""), "_", "-"),A87) | M87: =_xlfn.IFNA(VLOOKUP(_xlfn.CONCAT(VALUE(Table5[[#This Row],[NODE]]),Table5[[#This Row],[PORT]]),PG!C:H,6,0),"NO EXISTE PG") | N87: =_xlfn.IFNA(VLOOKUP(_xlfn.CONCAT(VALUE(Table5[[#This Row],[NODE]]),Table5[[#This Row],[PORT]]),PG!C:H,4,0),"NO EXISTE ISEL") | O87: =COUNTIF(Statics!G:G,Table5[[#This Row],[PG]])+COUNTIF(Statics!H:H,_xlfn.CONCAT((Table5[[#This Row],[NODE]]),Table5[[#This Row],[PORT]])) | P87: =_xlfn.IFNA( VLOOKUP(Table5[[#This Row],[PG]], L3OUTS!F:H, 3, 0), _xlfn.IFNA( VLOOKUP(VALUE(Table5[[#This Row],[NODE]]) & Table5[[#This Row],[PORT]], L3OUTS!G:H, 2, 0), _xlfn.IFNA( VLOOKUP(Table5[[#This Row],[PG]], L3OUTS!G:H, 2, 0), "NO TIENE L3OUT" ) ) ) | Q87: =COUNTIF(Statics!F:F,Table5[[#This Row],[ID]])+COUNTIF(Statics!F:F,VALUE(Table5[[#This Row],[NODE]]))
A88: 102 | B88: 1 | C88: =VLOOKUP(VALUE(Table5[[#This Row],[NODE]]),LEAF_INFO!B:H,6,0) | D88: eth1/11 | E88: down | F88: down | G88: =VLOOKUP(_xlfn.CONCAT(Table5[[#This Row],[NODE]],Table5[[#This Row],[PORT]]),PORTS_!A:G,7,0) | I88: =VLOOKUP(VALUE(Table5[[#This Row],[NODE]]),LEAF_INFO!B:H,7,0) | J88: =ISNUMBER(SEARCH("vpc-leaf", SUBSTITUTE(LOWER(K88), "_", "-"))) | K88: =_xlfn.IFNA(VLOOKUP(VALUE(Table5[[#This Row],[NODE]]), VPC!A:A, 2, 0), "No está en VPC") | L88: =IF(OR(ISNUMBER(SEARCH("VPC-Leaf", K88)), ISNUMBER(SEARCH("VPC_Leaf", K88))),SUBSTITUTE(SUBSTITUTE(SUBSTITUTE(K88, "VPC-Leaf", ""), "VPC_Leaf", ""), "_", "-"),A88) | M88: =_xlfn.IFNA(VLOOKUP(_xlfn.CONCAT(VALUE(Table5[[#This Row],[NODE]]),Table5[[#This Row],[PORT]]),PG!C:H,6,0),"NO EXISTE PG") | N88: =_xlfn.IFNA(VLOOKUP(_xlfn.CONCAT(VALUE(Table5[[#This Row],[NODE]]),Table5[[#This Row],[PORT]]),PG!C:H,4,0),"NO EXISTE ISEL") | O88: =COUNTIF(Statics!G:G,Table5[[#This Row],[PG]])+COUNTIF(Statics!H:H,_xlfn.CONCAT((Table5[[#This Row],[NODE]]),Table5[[#This Row],[PORT]])) | P88: =_xlfn.IFNA( VLOOKUP(Table5[[#This Row],[PG]], L3OUTS!F:H, 3, 0), _xlfn.IFNA( VLOOKUP(VALUE(Table5[[#This Row],[NODE]]) & Table5[[#This Row],[PORT]], L3OUTS!G:H, 2, 0), _xlfn.IFNA( VLOOKUP(Table5[[#This Row],[PG]], L3OUTS!G:H, 2, 0), "NO TIENE L3OUT" ) ) ) | Q88: =COUNTIF(Statics!F:F,Table5[[#This Row],[ID]])+COUNTIF(Statics!F:F,VALUE(Table5[[#This Row],[NODE]]))
A89: 102 | B89: 1 | C89: =VLOOKUP(VALUE(Table5[[#This Row],[NODE]]),LEAF_INFO!B:H,6,0) | D89: eth1/12 | E89: down | F89: down | G89: =VLOOKUP(_xlfn.CONCAT(Table5[[#This Row],[NODE]],Table5[[#This Row],[PORT]]),PORTS_!A:G,7,0) | I89: =VLOOKUP(VALUE(Table5[[#This Row],[NODE]]),LEAF_INFO!B:H,7,0) | J89: =ISNUMBER(SEARCH("vpc-leaf", SUBSTITUTE(LOWER(K89), "_", "-"))) | K89: =_xlfn.IFNA(VLOOKUP(VALUE(Table5[[#This Row],[NODE]]), VPC!A:A, 2, 0), "No está en VPC") | L89: =IF(OR(ISNUMBER(SEARCH("VPC-Leaf", K89)), ISNUMBER(SEARCH("VPC_Leaf", K89))),SUBSTITUTE(SUBSTITUTE(SUBSTITUTE(K89, "VPC-Leaf", ""), "VPC_Leaf", ""), "_", "-"),A89) | M89: =_xlfn.IFNA(VLOOKUP(_xlfn.CONCAT(VALUE(Table5[[#This Row],[NODE]]),Table5[[#This Row],[PORT]]),PG!C:H,6,0),"NO EXISTE PG") | N89: =_xlfn.IFNA(VLOOKUP(_xlfn.CONCAT(VALUE(Table5[[#This Row],[NODE]]),Table5[[#This Row],[PORT]]),PG!C:H,4,0),"NO EXISTE ISEL") | O89: =COUNTIF(Statics!G:G,Table5[[#This Row],[PG]])+COUNTIF(Statics!H:H,_xlfn.CONCAT((Table5[[#This Row],[NODE]]),Table5[[#This Row],[PORT]])) | P89: =_xlfn.IFNA( VLOOKUP(Table5[[#This Row],[PG]], L3OUTS!F:H, 3, 0), _xlfn.IFNA( VLOOKUP(VALUE(Table5[[#This Row],[NODE]]) & Table5[[#This Row],[PORT]], L3OUTS!G:H, 2, 0), _xlfn.IFNA( VLOOKUP(Table5[[#This Row],[PG]], L3OUTS!G:H, 2, 0), "NO TIENE L3OUT" ) ) ) | Q89: =COUNTIF(Statics!F:F,Table5[[#This Row],[ID]])+COUNTIF(Statics!F:F,VALUE(Table5[[#This Row],[NODE]]))
A90: 102 | B90: 1 | C90: =VLOOKUP(VALUE(Table5[[#This Row],[NODE]]),LEAF_INFO!B:H,6,0) | D90: eth1/13 | E90: down | F90: down | G90: =VLOOKUP(_xlfn.CONCAT(Table5[[#This Row],[NODE]],Table5[[#This Row],[PORT]]),PORTS_!A:G,7,0) | I90: =VLOOKUP(VALUE(Table5[[#This Row],[NODE]]),LEAF_INFO!B:H,7,0) | J90: =ISNUMBER(SEARCH("vpc-leaf", SUBSTITUTE(LOWER(K90), "_", "-"))) | K90: =_xlfn.IFNA(VLOOKUP(VALUE(Table5[[#This Row],[NODE]]), VPC!A:A, 2, 0), "No está en VPC") | L90: =IF(OR(ISNUMBER(SEARCH("VPC-Leaf", K90)), ISNUMBER(SEARCH("VPC_Leaf", K90))),SUBSTITUTE(SUBSTITUTE(SUBSTITUTE(K90, "VPC-Leaf", ""), "VPC_Leaf", ""), "_", "-"),A90) | M90: =_xlfn.IFNA(VLOOKUP(_xlfn.CONCAT(VALUE(Table5[[#This Row],[NODE]]),Table5[[#This Row],[PORT]]),PG!C:H,6,0),"NO EXISTE PG") | N90: =_xlfn.IFNA(VLOOKUP(_xlfn.CONCAT(VALUE(Table5[[#This Row],[NODE]]),Table5[[#This Row],[PORT]]),PG!C:H,4,0),"NO EXISTE ISEL") | O90: =COUNTIF(Statics!G:G,Table5[[#This Row],[PG]])+COUNTIF(Statics!H:H,_xlfn.CONCAT((Table5[[#This Row],[NODE]]),Table5[[#This Row],[PORT]])) | P90: =_xlfn.IFNA( VLOOKUP(Table5[[#This Row],[PG]], L3OUTS!F:H, 3, 0), _xlfn.IFNA( VLOOKUP(VALUE(Table5[[#This Row],[NODE]]) & Table5[[#This Row],[PORT]], L3OUTS!G:H, 2, 0), _xlfn.IFNA( VLOOKUP(Table5[[#This Row],[PG]], L3OUTS!G:H, 2, 0), "NO TIENE L3OUT" ) ) ) | Q90: =COUNTIF(Statics!F:F,Table5[[#This Row],[ID]])+COUNTIF(Statics!F:F,VALUE(Table5[[#This Row],[NODE]]))
A91: 102 | B91: 1 | C91: =VLOOKUP(VALUE(Table5[[#This Row],[NODE]]),LEAF_INFO!B:H,6,0) | D91: eth1/14 | E91: down | F91: down | G91: =VLOOKUP(_xlfn.CONCAT(Table5[[#This Row],[NODE]],Table5[[#This Row],[PORT]]),PORTS_!A:G,7,0) | I91: =VLOOKUP(VALUE(Table5[[#This Row],[NODE]]),LEAF_INFO!B:H,7,0) | J91: =ISNUMBER(SEARCH("vpc-leaf", SUBSTITUTE(LOWER(K91), "_", "-"))) | K91: =_xlfn.IFNA(VLOOKUP(VALUE(Table5[[#This Row],[NODE]]), VPC!A:A, 2, 0), "No está en VPC") | L91: =IF(OR(ISNUMBER(SEARCH("VPC-Leaf", K91)), ISNUMBER(SEARCH("VPC_Leaf", K91))),SUBSTITUTE(SUBSTITUTE(SUBSTITUTE(K91, "VPC-Leaf", ""), "VPC_Leaf", ""), "_", "-"),A91) | M91: =_xlfn.IFNA(VLOOKUP(_xlfn.CONCAT(VALUE(Table5[[#This Row],[NODE]]),Table5[[#This Row],[PORT]]),PG!C:H,6,0),"NO EXISTE PG") | N91: =_xlfn.IFNA(VLOOKUP(_xlfn.CONCAT(VALUE(Table5[[#This Row],[NODE]]),Table5[[#This Row],[PORT]]),PG!C:H,4,0),"NO EXISTE ISEL") | O91: =COUNTIF(Statics!G:G,Table5[[#This Row],[PG]])+COUNTIF(Statics!H:H,_xlfn.CONCAT((Table5[[#This Row],[NODE]]),Table5[[#This Row],[PORT]])) | P91: =_xlfn.IFNA( VLOOKUP(Table5[[#This Row],[PG]], L3OUTS!F:H, 3, 0), _xlfn.IFNA( VLOOKUP(VALUE(Table5[[#This Row],[NODE]]) & Table5[[#This Row],[PORT]], L3OUTS!G:H, 2, 0), _xlfn.IFNA( VLOOKUP(Table5[[#This Row],[PG]], L3OUTS!G:H, 2, 0), "NO TIENE L3OUT" ) ) ) | Q91: =COUNTIF(Statics!F:F,Table5[[#This Row],[ID]])+COUNTIF(Statics!F:F,VALUE(Table5[[#This Row],[NODE]]))
A92: 102 | B92: 1 | C92: =VLOOKUP(VALUE(Table5[[#This Row],[NODE]]),LEAF_INFO!B:H,6,0) | D92: eth1/15 | E92: down | F92: down | G92: =VLOOKUP(_xlfn.CONCAT(Table5[[#This Row],[NODE]],Table5[[#This Row],[PORT]]),PORTS_!A:G,7,0) | I92: =VLOOKUP(VALUE(Table5[[#This Row],[NODE]]),LEAF_INFO!B:H,7,0) | J92: =ISNUMBER(SEARCH("vpc-leaf", SUBSTITUTE(LOWER(K92), "_", "-"))) | K92: =_xlfn.IFNA(VLOOKUP(VALUE(Table5[[#This Row],[NODE]]), VPC!A:A, 2, 0), "No está en VPC") | L92: =IF(OR(ISNUMBER(SEARCH("VPC-Leaf", K92)), ISNUMBER(SEARCH("VPC_Leaf", K92))),SUBSTITUTE(SUBSTITUTE(SUBSTITUTE(K92, "VPC-Leaf", ""), "VPC_Leaf", ""), "_", "-"),A92) | M92: =_xlfn.IFNA(VLOOKUP(_xlfn.CONCAT(VALUE(Table5[[#This Row],[NODE]]),Table5[[#This Row],[PORT]]),PG!C:H,6,0),"NO EXISTE PG") | N92: =_xlfn.IFNA(VLOOKUP(_xlfn.CONCAT(VALUE(Table5[[#This Row],[NODE]]),Table5[[#This Row],[PORT]]),PG!C:H,4,0),"NO EXISTE ISEL") | O92: =COUNTIF(Statics!G:G,Table5[[#This Row],[PG]])+COUNTIF(Statics!H:H,_xlfn.CONCAT((Table5[[#This Row],[NODE]]),Table5[[#This Row],[PORT]])) | P92: =_xlfn.IFNA( VLOOKUP(Table5[[#This Row],[PG]], L3OUTS!F:H, 3, 0), _xlfn.IFNA( VLOOKUP(VALUE(Table5[[#This Row],[NODE]]) & Table5[[#This Row],[PORT]], L3OUTS!G:H, 2, 0), _xlfn.IFNA( VLOOKUP(Table5[[#This Row],[PG]], L3OUTS!G:H, 2, 0), "NO TIENE L3OUT" ) ) ) | Q92: =COUNTIF(Statics!F:F,Table5[[#This Row],[ID]])+COUNTIF(Statics!F:F,VALUE(Table5[[#This Row],[NODE]]))
A93: 102 | B93: 1 | C93: =VLOOKUP(VALUE(Table5[[#This Row],[NODE]]),LEAF_INFO!B:H,6,0) | D93: eth1/16 | E93: down | F93: down | G93: =VLOOKUP(_xlfn.CONCAT(Table5[[#This Row],[NODE]],Table5[[#This Row],[PORT]]),PORTS_!A:G,7,0) | I93: =VLOOKUP(VALUE(Table5[[#This Row],[NODE]]),LEAF_INFO!B:H,7,0) | J93: =ISNUMBER(SEARCH("vpc-leaf", SUBSTITUTE(LOWER(K93), "_", "-"))) | K93: =_xlfn.IFNA(VLOOKUP(VALUE(Table5[[#This Row],[NODE]]), VPC!A:A, 2, 0), "No está en VPC") | L93: =IF(OR(ISNUMBER(SEARCH("VPC-Leaf", K93)), ISNUMBER(SEARCH("VPC_Leaf", K93))),SUBSTITUTE(SUBSTITUTE(SUBSTITUTE(K93, "VPC-Leaf", ""), "VPC_Leaf", ""), "_", "-"),A93) | M93: =_xlfn.IFNA(VLOOKUP(_xlfn.CONCAT(VALUE(Table5[[#This Row],[NODE]]),Table5[[#This Row],[PORT]]),PG!C:H,6,0),"NO EXISTE PG") | N93: =_xlfn.IFNA(VLOOKUP(_xlfn.CONCAT(VALUE(Table5[[#This Row],[NODE]]),Table5[[#This Row],[PORT]]),PG!C:H,4,0),"NO EXISTE ISEL") | O93: =COUNTIF(Statics!G:G,Table5[[#This Row],[PG]])+COUNTIF(Statics!H:H,_xlfn.CONCAT((Table5[[#This Row],[NODE]]),Table5[[#This Row],[PORT]])) | P93: =_xlfn.IFNA( VLOOKUP(Table5[[#This Row],[PG]], L3OUTS!F:H, 3, 0), _xlfn.IFNA( VLOOKUP(VALUE(Table5[[#This Row],[NODE]]) & Table5[[#This Row],[PORT]], L3OUTS!G:H, 2, 0), _xlfn.IFNA( VLOOKUP(Table5[[#This Row],[PG]], L3OUTS!G:H, 2, 0), "NO TIENE L3OUT" ) ) ) | Q93: =COUNTIF(Statics!F:F,Table5[[#This Row],[ID]])+COUNTIF(Statics!F:F,VALUE(Table5[[#This Row],[NODE]]))
A94: 102 | B94: 1 | C94: =VLOOKUP(VALUE(Table5[[#This Row],[NODE]]),LEAF_INFO!B:H,6,0) | D94: eth1/17 | E94: down | F94: down | G94: =VLOOKUP(_xlfn.CONCAT(Table5[[#This Row],[NODE]],Table5[[#This Row],[PORT]]),PORTS_!A:G,7,0) | I94: =VLOOKUP(VALUE(Table5[[#This Row],[NODE]]),LEAF_INFO!B:H,7,0) | J94: =ISNUMBER(SEARCH("vpc-leaf", SUBSTITUTE(LOWER(K94), "_", "-"))) | K94: =_xlfn.IFNA(VLOOKUP(VALUE(Table5[[#This Row],[NODE]]), VPC!A:A, 2, 0), "No está en VPC") | L94: =IF(OR(ISNUMBER(SEARCH("VPC-Leaf", K94)), ISNUMBER(SEARCH("VPC_Leaf", K94))),SUBSTITUTE(SUBSTITUTE(SUBSTITUTE(K94, "VPC-Leaf", ""), "VPC_Leaf", ""), "_", "-"),A94) | M94: =_xlfn.IFNA(VLOOKUP(_xlfn.CONCAT(VALUE(Table5[[#This Row],[NODE]]),Table5[[#This Row],[PORT]]),PG!C:H,6,0),"NO EXISTE PG") | N94: =_xlfn.IFNA(VLOOKUP(_xlfn.CONCAT(VALUE(Table5[[#This Row],[NODE]]),Table5[[#This Row],[PORT]]),PG!C:H,4,0),"NO EXISTE ISEL") | O94: =COUNTIF(Statics!G:G,Table5[[#This Row],[PG]])+COUNTIF(Statics!H:H,_xlfn.CONCAT((Table5[[#This Row],[NODE]]),Table5[[#This Row],[PORT]])) | P94: =_xlfn.IFNA( VLOOKUP(Table5[[#This Row],[PG]], L3OUTS!F:H, 3, 0), _xlfn.IFNA( VLOOKUP(VALUE(Table5[[#This Row],[NODE]]) & Table5[[#This Row],[PORT]], L3OUTS!G:H, 2, 0), _xlfn.IFNA( VLOOKUP(Table5[[#This Row],[PG]], L3OUTS!G:H, 2, 0), "NO TIENE L3OUT" ) ) ) | Q94: =COUNTIF(Statics!F:F,Table5[[#This Row],[ID]])+COUNTIF(Statics!F:F,VALUE(Table5[[#This Row],[NODE]]))
A95: 102 | B95: 1 | C95: =VLOOKUP(VALUE(Table5[[#This Row],[NODE]]),LEAF_INFO!B:H,6,0) | D95: eth1/18 | E95: down | F95: down | G95: =VLOOKUP(_xlfn.CONCAT(Table5[[#This Row],[NODE]],Table5[[#This Row],[PORT]]),PORTS_!A:G,7,0) | I95: =VLOOKUP(VALUE(Table5[[#This Row],[NODE]]),LEAF_INFO!B:H,7,0) | J95: =ISNUMBER(SEARCH("vpc-leaf", SUBSTITUTE(LOWER(K95), "_", "-"))) | K95: =_xlfn.IFNA(VLOOKUP(VALUE(Table5[[#This Row],[NODE]]), VPC!A:A, 2, 0), "No está en VPC") | L95: =IF(OR(ISNUMBER(SEARCH("VPC-Leaf", K95)), ISNUMBER(SEARCH("VPC_Leaf", K95))),SUBSTITUTE(SUBSTITUTE(SUBSTITUTE(K95, "VPC-Leaf", ""), "VPC_Leaf", ""), "_", "-"),A95) | M95: =_xlfn.IFNA(VLOOKUP(_xlfn.CONCAT(VALUE(Table5[[#This Row],[NODE]]),Table5[[#This Row],[PORT]]),PG!C:H,6,0),"NO EXISTE PG") | N95: =_xlfn.IFNA(VLOOKUP(_xlfn.CONCAT(VALUE(Table5[[#This Row],[NODE]]),Table5[[#This Row],[PORT]]),PG!C:H,4,0),"NO EXISTE ISEL") | O95: =COUNTIF(Statics!G:G,Table5[[#This Row],[PG]])+COUNTIF(Statics!H:H,_xlfn.CONCAT((Table5[[#This Row],[NODE]]),Table5[[#This Row],[PORT]])) | P95: =_xlfn.IFNA( VLOOKUP(Table5[[#This Row],[PG]], L3OUTS!F:H, 3, 0), _xlfn.IFNA( VLOOKUP(VALUE(Table5[[#This Row],[NODE]]) & Table5[[#This Row],[PORT]], L3OUTS!G:H, 2, 0), _xlfn.IFNA( VLOOKUP(Table5[[#This Row],[PG]], L3OUTS!G:H, 2, 0), "NO TIENE L3OUT" ) ) ) | Q95: =COUNTIF(Statics!F:F,Table5[[#This Row],[ID]])+COUNTIF(Statics!F:F,VALUE(Table5[[#This Row],[NODE]]))
A96: 102 | B96: 1 | C96: =VLOOKUP(VALUE(Table5[[#This Row],[NODE]]),LEAF_INFO!B:H,6,0) | D96: eth1/19 | E96: down | F96: down | G96: =VLOOKUP(_xlfn.CONCAT(Table5[[#This Row],[NODE]],Table5[[#This Row],[PORT]]),PORTS_!A:G,7,0) | I96: =VLOOKUP(VALUE(Table5[[#This Row],[NODE]]),LEAF_INFO!B:H,7,0) | J96: =ISNUMBER(SEARCH("vpc-leaf", SUBSTITUTE(LOWER(K96), "_", "-"))) | K96: =_xlfn.IFNA(VLOOKUP(VALUE(Table5[[#This Row],[NODE]]), VPC!A:A, 2, 0), "No está en VPC") | L96: =IF(OR(ISNUMBER(SEARCH("VPC-Leaf", K96)), ISNUMBER(SEARCH("VPC_Leaf", K96))),SUBSTITUTE(SUBSTITUTE(SUBSTITUTE(K96, "VPC-Leaf", ""), "VPC_Leaf", ""), "_", "-"),A96) | M96: =_xlfn.IFNA(VLOOKUP(_xlfn.CONCAT(VALUE(Table5[[#This Row],[NODE]]),Table5[[#This Row],[PORT]]),PG!C:H,6,0),"NO EXISTE PG") | N96: =_xlfn.IFNA(VLOOKUP(_xlfn.CONCAT(VALUE(Table5[[#This Row],[NODE]]),Table5[[#This Row],[PORT]]),PG!C:H,4,0),"NO EXISTE ISEL") | O96: =COUNTIF(Statics!G:G,Table5[[#This Row],[PG]])+COUNTIF(Statics!H:H,_xlfn.CONCAT((Table5[[#This Row],[NODE]]),Table5[[#This Row],[PORT]])) | P96: =_xlfn.IFNA( VLOOKUP(Table5[[#This Row],[PG]], L3OUTS!F:H, 3, 0), _xlfn.IFNA( VLOOKUP(VALUE(Table5[[#This Row],[NODE]]) & Table5[[#This Row],[PORT]], L3OUTS!G:H, 2, 0), _xlfn.IFNA( VLOOKUP(Table5[[#This Row],[PG]], L3OUTS!G:H, 2, 0), "NO TIENE L3OUT" ) ) ) | Q96: =COUNTIF(Statics!F:F,Table5[[#This Row],[ID]])+COUNTIF(Statics!F:F,VALUE(Table5[[#This Row],[NODE]]))
A97: 102 | B97: 1 | C97: =VLOOKUP(VALUE(Table5[[#This Row],[NODE]]),LEAF_INFO!B:H,6,0) | D97: eth1/20 | E97: down | F97: down | G97: =VLOOKUP(_xlfn.CONCAT(Table5[[#This Row],[NODE]],Table5[[#This Row],[PORT]]),PORTS_!A:G,7,0) | I97: =VLOOKUP(VALUE(Table5[[#This Row],[NODE]]),LEAF_INFO!B:H,7,0) | J97: =ISNUMBER(SEARCH("vpc-leaf", SUBSTITUTE(LOWER(K97), "_", "-"))) | K97: =_xlfn.IFNA(VLOOKUP(VALUE(Table5[[#This Row],[NODE]]), VPC!A:A, 2, 0), "No está en VPC") | L97: =IF(OR(ISNUMBER(SEARCH("VPC-Leaf", K97)), ISNUMBER(SEARCH("VPC_Leaf", K97))),SUBSTITUTE(SUBSTITUTE(SUBSTITUTE(K97, "VPC-Leaf", ""), "VPC_Leaf", ""), "_", "-"),A97) | M97: =_xlfn.IFNA(VLOOKUP(_xlfn.CONCAT(VALUE(Table5[[#This Row],[NODE]]),Table5[[#This Row],[PORT]]),PG!C:H,6,0),"NO EXISTE PG") | N97: =_xlfn.IFNA(VLOOKUP(_xlfn.CONCAT(VALUE(Table5[[#This Row],[NODE]]),Table5[[#This Row],[PORT]]),PG!C:H,4,0),"NO EXISTE ISEL") | O97: =COUNTIF(Statics!G:G,Table5[[#This Row],[PG]])+COUNTIF(Statics!H:H,_xlfn.CONCAT((Table5[[#This Row],[NODE]]),Table5[[#This Row],[PORT]])) | P97: =_xlfn.IFNA( VLOOKUP(Table5[[#This Row],[PG]], L3OUTS!F:H, 3, 0), _xlfn.IFNA( VLOOKUP(VALUE(Table5[[#This Row],[NODE]]) & Table5[[#This Row],[PORT]], L3OUTS!G:H, 2, 0), _xlfn.IFNA( VLOOKUP(Table5[[#This Row],[PG]], L3OUTS!G:H, 2, 0), "NO TIENE L3OUT" ) ) ) | Q97: =COUNTIF(Statics!F:F,Table5[[#This Row],[ID]])+COUNTIF(Statics!F:F,VALUE(Table5[[#This Row],[NODE]]))
A98: 102 | B98: 1 | C98: =VLOOKUP(VALUE(Table5[[#This Row],[NODE]]),LEAF_INFO!B:H,6,0) | D98: eth1/21 | E98: down | F98: down | G98: =VLOOKUP(_xlfn.CONCAT(Table5[[#This Row],[NODE]],Table5[[#This Row],[PORT]]),PORTS_!A:G,7,0) | I98: =VLOOKUP(VALUE(Table5[[#This Row],[NODE]]),LEAF_INFO!B:H,7,0) | J98: =ISNUMBER(SEARCH("vpc-leaf", SUBSTITUTE(LOWER(K98), "_", "-"))) | K98: =_xlfn.IFNA(VLOOKUP(VALUE(Table5[[#This Row],[NODE]]), VPC!A:A, 2, 0), "No está en VPC") | L98: =IF(OR(ISNUMBER(SEARCH("VPC-Leaf", K98)), ISNUMBER(SEARCH("VPC_Leaf", K98))),SUBSTITUTE(SUBSTITUTE(SUBSTITUTE(K98, "VPC-Leaf", ""), "VPC_Leaf", ""), "_", "-"),A98) | M98: =_xlfn.IFNA(VLOOKUP(_xlfn.CONCAT(VALUE(Table5[[#This Row],[NODE]]),Table5[[#This Row],[PORT]]),PG!C:H,6,0),"NO EXISTE PG") | N98: =_xlfn.IFNA(VLOOKUP(_xlfn.CONCAT(VALUE(Table5[[#This Row],[NODE]]),Table5[[#This Row],[PORT]]),PG!C:H,4,0),"NO EXISTE ISEL") | O98: =COUNTIF(Statics!G:G,Table5[[#This Row],[PG]])+COUNTIF(Statics!H:H,_xlfn.CONCAT((Table5[[#This Row],[NODE]]),Table5[[#This Row],[PORT]])) | P98: =_xlfn.IFNA( VLOOKUP(Table5[[#This Row],[PG]], L3OUTS!F:H, 3, 0), _xlfn.IFNA( VLOOKUP(VALUE(Table5[[#This Row],[NODE]]) & Table5[[#This Row],[PORT]], L3OUTS!G:H, 2, 0), _xlfn.IFNA( VLOOKUP(Table5[[#This Row],[PG]], L3OUTS!G:H, 2, 0), "NO TIENE L3OUT" ) ) ) | Q98: =COUNTIF(Statics!F:F,Table5[[#This Row],[ID]])+COUNTIF(Statics!F:F,VALUE(Table5[[#This Row],[NODE]]))
A99: 102 | B99: 1 | C99: =VLOOKUP(VALUE(Table5[[#This Row],[NODE]]),LEAF_INFO!B:H,6,0) | D99: eth1/22 | E99: down | F99: down | G99: =VLOOKUP(_xlfn.CONCAT(Table5[[#This Row],[NODE]],Table5[[#This Row],[PORT]]),PORTS_!A:G,7,0) | I99: =VLOOKUP(VALUE(Table5[[#This Row],[NODE]]),LEAF_INFO!B:H,7,0) | J99: =ISNUMBER(SEARCH("vpc-leaf", SUBSTITUTE(LOWER(K99), "_", "-"))) | K99: =_xlfn.IFNA(VLOOKUP(VALUE(Table5[[#This Row],[NODE]]), VPC!A:A, 2, 0), "No está en VPC") | L99: =IF(OR(ISNUMBER(SEARCH("VPC-Leaf", K99)), ISNUMBER(SEARCH("VPC_Leaf", K99))),SUBSTITUTE(SUBSTITUTE(SUBSTITUTE(K99, "VPC-Leaf", ""), "VPC_Leaf", ""), "_", "-"),A99) | M99: =_xlfn.IFNA(VLOOKUP(_xlfn.CONCAT(VALUE(Table5[[#This Row],[NODE]]),Table5[[#This Row],[PORT]]),PG!C:H,6,0),"NO EXISTE PG") | N99: =_xlfn.IFNA(VLOOKUP(_xlfn.CONCAT(VALUE(Table5[[#This Row],[NODE]]),Table5[[#This Row],[PORT]]),PG!C:H,4,0),"NO EXISTE ISEL") | O99: =COUNTIF(Statics!G:G,Table5[[#This Row],[PG]])+COUNTIF(Statics!H:H,_xlfn.CONCAT((Table5[[#This Row],[NODE]]),Table5[[#This Row],[PORT]])) | P99: =_xlfn.IFNA( VLOOKUP(Table5[[#This Row],[PG]], L3OUTS!F:H, 3, 0), _xlfn.IFNA( VLOOKUP(VALUE(Table5[[#This Row],[NODE]]) & Table5[[#This Row],[PORT]], L3OUTS!G:H, 2, 0), _xlfn.IFNA( VLOOKUP(Table5[[#This Row],[PG]], L3OUTS!G:H, 2, 0), "NO TIENE L3OUT" ) ) ) | Q99: =COUNTIF(Statics!F:F,Table5[[#This Row],[ID]])+COUNTIF(Statics!F:F,VALUE(Table5[[#This Row],[NODE]]))
... A111: 201 | B111: 1 | C111: =VLOOKUP(VALUE(Table5[[#This Row],[NODE]]),LEAF_INFO!B:H,6,0) | D111: eth1/34 | E111: down | F111: down | G111: =VLOOKUP(_xlfn.CONCAT(Table5[[#This Row],[NODE]],Table5[[#This Row],[PORT]]),PORTS_!A:G,7,0) | I111: =VLOOKUP(VALUE(Table5[[#This Row],[NODE]]),LEAF_INFO!B:H,7,0) | J111: =ISNUMBER(SEARCH("vpc-leaf", SUBSTITUTE(LOWER(K111), "_", "-"))) | K111: =_xlfn.IFNA(VLOOKUP(VALUE(Table5[[#This Row],[NODE]]), VPC!A:A, 2, 0), "No está en VPC") | L111: =IF(OR(ISNUMBER(SEARCH("VPC-Leaf", K111)), ISNUMBER(SEARCH("VPC_Leaf", K111))),SUBSTITUTE(SUBSTITUTE(SUBSTITUTE(K111, "VPC-Leaf", ""), "VPC_Leaf", ""), "_", "-"),A111) | M111: =_xlfn.IFNA(VLOOKUP(_xlfn.CONCAT(VALUE(Table5[[#This Row],[NODE]]),Table5[[#This Row],[PORT]]),PG!C:H,6,0),"NO EXISTE PG") | N111: =_xlfn.IFNA(VLOOKUP(_xlfn.CONCAT(VALUE(Table5[[#This Row],[NODE]]),Table5[[#This Row],[PORT]]),PG!C:H,4,0),"NO EXISTE ISEL") | O111: =COUNTIF(Statics!G:G,Table5[[#This Row],[PG]])+COUNTIF(Statics!H:H,_xlfn.CONCAT((Table5[[#This Row],[NODE]]),Table5[[#This Row],[PORT]])) | P111: =_xlfn.IFNA( VLOOKUP(Table5[[#This Row],[PG]], L3OUTS!F:H, 3, 0), _xlfn.IFNA( VLOOKUP(VALUE(Table5[[#This Row],[NODE]]) & Table5[[#This Row],[PORT]], L3OUTS!G:H, 2, 0), _xlfn.IFNA( VLOOKUP(Table5[[#This Row],[PG]], L3OUTS!G:H, 2, 0), "NO TIENE L3OUT" ) ) ) | Q111: =COUNTIF(Statics!F:F,Table5[[#This Row],[ID]])+COUNTIF(Statics!F:F,VALUE(Table5[[#This Row],[NODE]]))
A112: 201 | B112: 1 | C112: =VLOOKUP(VALUE(Table5[[#This Row],[NODE]]),LEAF_INFO!B:H,6,0) | D112: eth1/1 | E112: up | F112: up | G112: =VLOOKUP(_xlfn.CONCAT(Table5[[#This Row],[NODE]],Table5[[#This Row],[PORT]]),PORTS_!A:G,7,0) | H112: LINK_HACIA_LEAF | I112: =VLOOKUP(VALUE(Table5[[#This Row],[NODE]]),LEAF_INFO!B:H,7,0) | J112: =ISNUMBER(SEARCH("vpc-leaf", SUBSTITUTE(LOWER(K112), "_", "-"))) | K112: =_xlfn.IFNA(VLOOKUP(VALUE(Table5[[#This Row],[NODE]]), VPC!A:A, 2, 0), "No está en VPC") | L112: =IF(OR(ISNUMBER(SEARCH("VPC-Leaf", K112)), ISNUMBER(SEARCH("VPC_Leaf", K112))),SUBSTITUTE(SUBSTITUTE(SUBSTITUTE(K112, "VPC-Leaf", ""), "VPC_Leaf", ""), "_", "-"),A112) | M112: =_xlfn.IFNA(VLOOKUP(_xlfn.CONCAT(VALUE(Table5[[#This Row],[NODE]]),Table5[[#This Row],[PORT]]),PG!C:H,6,0),"NO EXISTE PG") | N112: =_xlfn.IFNA(VLOOKUP(_xlfn.CONCAT(VALUE(Table5[[#This Row],[NODE]]),Table5[[#This Row],[PORT]]),PG!C:H,4,0),"NO EXISTE ISEL") | O112: =COUNTIF(Statics!G:G,Table5[[#This Row],[PG]])+COUNTIF(Statics!H:H,_xlfn.CONCAT((Table5[[#This Row],[NODE]]),Table5[[#This Row],[PORT]])) | P112: =_xlfn.IFNA( VLOOKUP(Table5[[#This Row],[PG]], L3OUTS!F:H, 3, 0), _xlfn.IFNA( VLOOKUP(VALUE(Table5[[#This Row],[NODE]]) & Table5[[#This Row],[PORT]], L3OUTS!G:H, 2, 0), _xlfn.IFNA( VLOOKUP(Table5[[#This Row],[PG]], L3OUTS!G:H, 2, 0), "NO TIENE L3OUT" ) ) ) | Q112: =COUNTIF(Statics!F:F,Table5[[#This Row],[ID]])+COUNTIF(Statics!F:F,VALUE(Table5[[#This Row],[NODE]]))
A113: 201 | B113: 1 | C113: =VLOOKUP(VALUE(Table5[[#This Row],[NODE]]),LEAF_INFO!B:H,6,0) | D113: eth1/2 | E113: up | F113: up | G113: =VLOOKUP(_xlfn.CONCAT(Table5[[#This Row],[NODE]],Table5[[#This Row],[PORT]]),PORTS_!A:G,7,0) | H113: LINK_HACIA_LEAF | I113: =VLOOKUP(VALUE(Table5[[#This Row],[NODE]]),LEAF_INFO!B:H,7,0) | J113: =ISNUMBER(SEARCH("vpc-leaf", SUBSTITUTE(LOWER(K113), "_", "-"))) | K113: =_xlfn.IFNA(VLOOKUP(VALUE(Table5[[#This Row],[NODE]]), VPC!A:A, 2, 0), "No está en VPC") | L113: =IF(OR(ISNUMBER(SEARCH("VPC-Leaf", K113)), ISNUMBER(SEARCH("VPC_Leaf", K113))),SUBSTITUTE(SUBSTITUTE(SUBSTITUTE(K113, "VPC-Leaf", ""), "VPC_Leaf", ""), "_", "-"),A113) | M113: =_xlfn.IFNA(VLOOKUP(_xlfn.CONCAT(VALUE(Table5[[#This Row],[NODE]]),Table5[[#This Row],[PORT]]),PG!C:H,6,0),"NO EXISTE PG") | N113: =_xlfn.IFNA(VLOOKUP(_xlfn.CONCAT(VALUE(Table5[[#This Row],[NODE]]),Table5[[#This Row],[PORT]]),PG!C:H,4,0),"NO EXISTE ISEL") | O113: =COUNTIF(Statics!G:G,Table5[[#This Row],[PG]])+COUNTIF(Statics!H:H,_xlfn.CONCAT((Table5[[#This Row],[NODE]]),Table5[[#This Row],[PORT]])) | P113: =_xlfn.IFNA( VLOOKUP(Table5[[#This Row],[PG]], L3OUTS!F:H, 3, 0), _xlfn.IFNA( VLOOKUP(VALUE(Table5[[#This Row],[NODE]]) & Table5[[#This Row],[PORT]], L3OUTS!G:H, 2, 0), _xlfn.IFNA( VLOOKUP(Table5[[#This Row],[PG]], L3OUTS!G:H, 2, 0), "NO TIENE L3OUT" ) ) ) | Q113: =COUNTIF(Statics!F:F,Table5[[#This Row],[ID]])+COUNTIF(Statics!F:F,VALUE(Table5[[#This Row],[NODE]]))
A114: 201 | B114: 1 | C114: =VLOOKUP(VALUE(Table5[[#This Row],[NODE]]),LEAF_INFO!B:H,6,0) | D114: eth1/3 | E114: up | F114: up | G114: =VLOOKUP(_xlfn.CONCAT(Table5[[#This Row],[NODE]],Table5[[#This Row],[PORT]]),PORTS_!A:G,7,0) | H114: LINK_HACIA_LEAF | I114: =VLOOKUP(VALUE(Table5[[#This Row],[NODE]]),LEAF_INFO!B:H,7,0) | J114: =ISNUMBER(SEARCH("vpc-leaf", SUBSTITUTE(LOWER(K114), "_", "-"))) | K114: =_xlfn.IFNA(VLOOKUP(VALUE(Table5[[#This Row],[NODE]]), VPC!A:A, 2, 0), "No está en VPC") | L114: =IF(OR(ISNUMBER(SEARCH("VPC-Leaf", K114)), ISNUMBER(SEARCH("VPC_Leaf", K114))),SUBSTITUTE(SUBSTITUTE(SUBSTITUTE(K114, "VPC-Leaf", ""), "VPC_Leaf", ""), "_", "-"),A114) | M114: =_xlfn.IFNA(VLOOKUP(_xlfn.CONCAT(VALUE(Table5[[#This Row],[NODE]]),Table5[[#This Row],[PORT]]),PG!C:H,6,0),"NO EXISTE PG") | N114: =_xlfn.IFNA(VLOOKUP(_xlfn.CONCAT(VALUE(Table5[[#This Row],[NODE]]),Table5[[#This Row],[PORT]]),PG!C:H,4,0),"NO EXISTE ISEL") | O114: =COUNTIF(Statics!G:G,Table5[[#This Row],[PG]])+COUNTIF(Statics!H:H,_xlfn.CONCAT((Table5[[#This Row],[NODE]]),Table5[[#This Row],[PORT]])) | P114: =_xlfn.IFNA( VLOOKUP(Table5[[#This Row],[PG]], L3OUTS!F:H, 3, 0), _xlfn.IFNA( VLOOKUP(VALUE(Table5[[#This Row],[NODE]]) & Table5[[#This Row],[PORT]], L3OUTS!G:H, 2, 0), _xlfn.IFNA( VLOOKUP(Table5[[#This Row],[PG]], L3OUTS!G:H, 2, 0), "NO TIENE L3OUT" ) ) ) | Q114: =COUNTIF(Statics!F:F,Table5[[#This Row],[ID]])+COUNTIF(Statics!F:F,VALUE(Table5[[#This Row],[NODE]]))
A115: 201 | B115: 1 | C115: =VLOOKUP(VALUE(Table5[[#This Row],[NODE]]),LEAF_INFO!B:H,6,0) | D115: eth1/4 | E115: up | F115: up | G115: =VLOOKUP(_xlfn.CONCAT(Table5[[#This Row],[NODE]],Table5[[#This Row],[PORT]]),PORTS_!A:G,7,0) | H115: LINK_HACIA_LEAF | I115: =VLOOKUP(VALUE(Table5[[#This Row],[NODE]]),LEAF_INFO!B:H,7,0) | J115: =ISNUMBER(SEARCH("vpc-leaf", SUBSTITUTE(LOWER(K115), "_", "-"))) | K115: =_xlfn.IFNA(VLOOKUP(VALUE(Table5[[#This Row],[NODE]]), VPC!A:A, 2, 0), "No está en VPC") | L115: =IF(OR(ISNUMBER(SEARCH("VPC-Leaf", K115)), ISNUMBER(SEARCH("VPC_Leaf", K115))),SUBSTITUTE(SUBSTITUTE(SUBSTITUTE(K115, "VPC-Leaf", ""), "VPC_Leaf", ""), "_", "-"),A115) | M115: =_xlfn.IFNA(VLOOKUP(_xlfn.CONCAT(VALUE(Table5[[#This Row],[NODE]]),Table5[[#This Row],[PORT]]),PG!C:H,6,0),"NO EXISTE PG") | N115: =_xlfn.IFNA(VLOOKUP(_xlfn.CONCAT(VALUE(Table5[[#This Row],[NODE]]),Table5[[#This Row],[PORT]]),PG!C:H,4,0),"NO EXISTE ISEL") | O115: =COUNTIF(Statics!G:G,Table5[[#This Row],[PG]])+COUNTIF(Statics!H:H,_xlfn.CONCAT((Table5[[#This Row],[NODE]]),Table5[[#This Row],[PORT]])) | P115: =_xlfn.IFNA( VLOOKUP(Table5[[#This Row],[PG]], L3OUTS!F:H, 3, 0), _xlfn.IFNA( VLOOKUP(VALUE(Table5[[#This Row],[NODE]]) & Table5[[#This Row],[PORT]], L3OUTS!G:H, 2, 0), _xlfn.IFNA( VLOOKUP(Table5[[#This Row],[PG]], L3OUTS!G:H, 2, 0), "NO TIENE L3OUT" ) ) ) | Q115: =COUNTIF(Statics!F:F,Table5[[#This Row],[ID]])+COUNTIF(Statics!F:F,VALUE(Table5[[#This Row],[NODE]]))
A116: 201 | B116: 1 | C116: =VLOOKUP(VALUE(Table5[[#This Row],[NODE]]),LEAF_INFO!B:H,6,0) | D116: eth1/5 | E116: down | F116: down | G116: =VLOOKUP(_xlfn.CONCAT(Table5[[#This Row],[NODE]],Table5[[#This Row],[PORT]]),PORTS_!A:G,7,0) | I116: =VLOOKUP(VALUE(Table5[[#This Row],[NODE]]),LEAF_INFO!B:H,7,0) | J116: =ISNUMBER(SEARCH("vpc-leaf", SUBSTITUTE(LOWER(K116), "_", "-"))) | K116: =_xlfn.IFNA(VLOOKUP(VALUE(Table5[[#This Row],[NODE]]), VPC!A:A, 2, 0), "No está en VPC") | L116: =IF(OR(ISNUMBER(SEARCH("VPC-Leaf", K116)), ISNUMBER(SEARCH("VPC_Leaf", K116))),SUBSTITUTE(SUBSTITUTE(SUBSTITUTE(K116, "VPC-Leaf", ""), "VPC_Leaf", ""), "_", "-"),A116) | M116: =_xlfn.IFNA(VLOOKUP(_xlfn.CONCAT(VALUE(Table5[[#This Row],[NODE]]),Table5[[#This Row],[PORT]]),PG!C:H,6,0),"NO EXISTE PG") | N116: =_xlfn.IFNA(VLOOKUP(_xlfn.CONCAT(VALUE(Table5[[#This Row],[NODE]]),Table5[[#This Row],[PORT]]),PG!C:H,4,0),"NO EXISTE ISEL") | O116: =COUNTIF(Statics!G:G,Table5[[#This Row],[PG]])+COUNTIF(Statics!H:H,_xlfn.CONCAT((Table5[[#This Row],[NODE]]),Table5[[#This Row],[PORT]])) | P116: =_xlfn.IFNA( VLOOKUP(Table5[[#This Row],[PG]], L3OUTS!F:H, 3, 0), _xlfn.IFNA( VLOOKUP(VALUE(Table5[[#This Row],[NODE]]) & Table5[[#This Row],[PORT]], L3OUTS!G:H, 2, 0), _xlfn.IFNA( VLOOKUP(Table5[[#This Row],[PG]], L3OUTS!G:H, 2, 0), "NO TIENE L3OUT" ) ) ) | Q116: =COUNTIF(Statics!F:F,Table5[[#This Row],[ID]])+COUNTIF(Statics!F:F,VALUE(Table5[[#This Row],[NODE]]))
A117: 201 | B117: 1 | C117: =VLOOKUP(VALUE(Table5[[#This Row],[NODE]]),LEAF_INFO!B:H,6,0) | D117: eth1/6 | E117: down | F117: down | G117: =VLOOKUP(_xlfn.CONCAT(Table5[[#This Row],[NODE]],Table5[[#This Row],[PORT]]),PORTS_!A:G,7,0) | I117: =VLOOKUP(VALUE(Table5[[#This Row],[NODE]]),LEAF_INFO!B:H,7,0) | J117: =ISNUMBER(SEARCH("vpc-leaf", SUBSTITUTE(LOWER(K117), "_", "-"))) | K117: =_xlfn.IFNA(VLOOKUP(VALUE(Table5[[#This Row],[NODE]]), VPC!A:A, 2, 0), "No está en VPC") | L117: =IF(OR(ISNUMBER(SEARCH("VPC-Leaf", K117)), ISNUMBER(SEARCH("VPC_Leaf", K117))),SUBSTITUTE(SUBSTITUTE(SUBSTITUTE(K117, "VPC-Leaf", ""), "VPC_Leaf", ""), "_", "-"),A117) | M117: =_xlfn.IFNA(VLOOKUP(_xlfn.CONCAT(VALUE(Table5[[#This Row],[NODE]]),Table5[[#This Row],[PORT]]),PG!C:H,6,0),"NO EXISTE PG") | N117: =_xlfn.IFNA(VLOOKUP(_xlfn.CONCAT(VALUE(Table5[[#This Row],[NODE]]),Table5[[#This Row],[PORT]]),PG!C:H,4,0),"NO EXISTE ISEL") | O117: =COUNTIF(Statics!G:G,Table5[[#This Row],[PG]])+COUNTIF(Statics!H:H,_xlfn.CONCAT((Table5[[#This Row],[NODE]]),Table5[[#This Row],[PORT]])) | P117: =_xlfn.IFNA( VLOOKUP(Table5[[#This Row],[PG]], L3OUTS!F:H, 3, 0), _xlfn.IFNA( VLOOKUP(VALUE(Table5[[#This Row],[NODE]]) & Table5[[#This Row],[PORT]], L3OUTS!G:H, 2, 0), _xlfn.IFNA( VLOOKUP(Table5[[#This Row],[PG]], L3OUTS!G:H, 2, 0), "NO TIENE L3OUT" ) ) ) | Q117: =COUNTIF(Statics!F:F,Table5[[#This Row],[ID]])+COUNTIF(Statics!F:F,VALUE(Table5[[#This Row],[NODE]]))
A118: 201 | B118: 1 | C118: =VLOOKUP(VALUE(Table5[[#This Row],[NODE]]),LEAF_INFO!B:H,6,0) | D118: eth1/7 | E118: down | F118: down | G118: =VLOOKUP(_xlfn.CONCAT(Table5[[#This Row],[NODE]],Table5[[#This Row],[PORT]]),PORTS_!A:G,7,0) | I118: =VLOOKUP(VALUE(Table5[[#This Row],[NODE]]),LEAF_INFO!B:H,7,0) | J118: =ISNUMBER(SEARCH("vpc-leaf", SUBSTITUTE(LOWER(K118), "_", "-"))) | K118: =_xlfn.IFNA(VLOOKUP(VALUE(Table5[[#This Row],[NODE]]), VPC!A:A, 2, 0), "No está en VPC") | L118: =IF(OR(ISNUMBER(SEARCH("VPC-Leaf", K118)), ISNUMBER(SEARCH("VPC_Leaf", K118))),SUBSTITUTE(SUBSTITUTE(SUBSTITUTE(K118, "VPC-Leaf", ""), "VPC_Leaf", ""), "_", "-"),A118) | M118: =_xlfn.IFNA(VLOOKUP(_xlfn.CONCAT(VALUE(Table5[[#This Row],[NODE]]),Table5[[#This Row],[PORT]]),PG!C:H,6,0),"NO EXISTE PG") | N118: =_xlfn.IFNA(VLOOKUP(_xlfn.CONCAT(VALUE(Table5[[#This Row],[NODE]]),Table5[[#This Row],[PORT]]),PG!C:H,4,0),"NO EXISTE ISEL") | O118: =COUNTIF(Statics!G:G,Table5[[#This Row],[PG]])+COUNTIF(Statics!H:H,_xlfn.CONCAT((Table5[[#This Row],[NODE]]),Table5[[#This Row],[PORT]])) | P118: =_xlfn.IFNA( VLOOKUP(Table5[[#This Row],[PG]], L3OUTS!F:H, 3, 0), _xlfn.IFNA( VLOOKUP(VALUE(Table5[[#This Row],[NODE]]) & Table5[[#This Row],[PORT]], L3OUTS!G:H, 2, 0), _xlfn.IFNA( VLOOKUP(Table5[[#This Row],[PG]], L3OUTS!G:H, 2, 0), "NO TIENE L3OUT" ) ) ) | Q118: =COUNTIF(Statics!F:F,Table5[[#This Row],[ID]])+COUNTIF(Statics!F:F,VALUE(Table5[[#This Row],[NODE]]))
A119: 201 | B119: 1 | C119: =VLOOKUP(VALUE(Table5[[#This Row],[NODE]]),LEAF_INFO!B:H,6,0) | D119: eth1/8 | E119: down | F119: down | G119: =VLOOKUP(_xlfn.CONCAT(Table5[[#This Row],[NODE]],Table5[[#This Row],[PORT]]),PORTS_!A:G,7,0) | I119: =VLOOKUP(VALUE(Table5[[#This Row],[NODE]]),LEAF_INFO!B:H,7,0) | J119: =ISNUMBER(SEARCH("vpc-leaf", SUBSTITUTE(LOWER(K119), "_", "-"))) | K119: =_xlfn.IFNA(VLOOKUP(VALUE(Table5[[#This Row],[NODE]]), VPC!A:A, 2, 0), "No está en VPC") | L119: =IF(OR(ISNUMBER(SEARCH("VPC-Leaf", K119)), ISNUMBER(SEARCH("VPC_Leaf", K119))),SUBSTITUTE(SUBSTITUTE(SUBSTITUTE(K119, "VPC-Leaf", ""), "VPC_Leaf", ""), "_", "-"),A119) | M119: =_xlfn.IFNA(VLOOKUP(_xlfn.CONCAT(VALUE(Table5[[#This Row],[NODE]]),Table5[[#This Row],[PORT]]),PG!C:H,6,0),"NO EXISTE PG") | N119: =_xlfn.IFNA(VLOOKUP(_xlfn.CONCAT(VALUE(Table5[[#This Row],[NODE]]),Table5[[#This Row],[PORT]]),PG!C:H,4,0),"NO EXISTE ISEL") | O119: =COUNTIF(Statics!G:G,Table5[[#This Row],[PG]])+COUNTIF(Statics!H:H,_xlfn.CONCAT((Table5[[#This Row],[NODE]]),Table5[[#This Row],[PORT]])) | P119: =_xlfn.IFNA( VLOOKUP(Table5[[#This Row],[PG]], L3OUTS!F:H, 3, 0), _xlfn.IFNA( VLOOKUP(VALUE(Table5[[#This Row],[NODE]]) & Table5[[#This Row],[PORT]], L3OUTS!G:H, 2, 0), _xlfn.IFNA( VLOOKUP(Table5[[#This Row],[PG]], L3OUTS!G:H, 2, 0), "NO TIENE L3OUT" ) ) ) | Q119: =COUNTIF(Statics!F:F,Table5[[#This Row],[ID]])+COUNTIF(Statics!F:F,VALUE(Table5[[#This Row],[NODE]]))
...

Sheet L3OUTS
A1: DN | B1: Tenant | C1: L3Out Name | D1: POD | E1: leaf | F1: PORT | G1: concat | H1: L3Out Name
A2: uni/tn-TELCEL_TELCO_NETWORK/out-L3OUT_UG0-1208-0008/lnodep-NP_LF_102/lifp-INTP_LF_102_SO6312/rspathL3OutAtt-[topology/pod-1/paths-102/pathep-[eth1/9]] | B2: =_xlfn.TEXTBEFORE(_xlfn.TEXTAFTER(A2, "tn-"), "/") | C2: =_xlfn.TEXTBEFORE(_xlfn.TEXTAFTER(A2, "out-"), "/") | D2: =_xlfn.TEXTBEFORE(_xlfn.TEXTAFTER(A2, "topology/pod-"), "/") | E2: =_xlfn.TEXTBEFORE(_xlfn.TEXTAFTER(A2, "paths-"), "/") | F2: =_xlfn.TEXTBEFORE(_xlfn.TEXTAFTER(A2, "pathep-["), "]") | G2: =IF(ISNUMBER(SEARCH("PG",F2)),F2,_xlfn.CONCAT(E2,F2)) | H2: =C2
A3: uni/tn-TELCEL_TELCO_NETWORK/out-L3OUT_RED_GPRS_GN_RMAC/lnodep-NP_LF_101/lifp-INTP_LF_101/rspathL3OutAtt-[topology/pod-1/paths-101/pathep-[PG_PC_101_L3_RMAC1]] | B3: =_xlfn.TEXTBEFORE(_xlfn.TEXTAFTER(A3, "tn-"), "/") | C3: =_xlfn.TEXTBEFORE(_xlfn.TEXTAFTER(A3, "out-"), "/") | D3: =_xlfn.TEXTBEFORE(_xlfn.TEXTAFTER(A3, "topology/pod-"), "/") | E3: =_xlfn.TEXTBEFORE(_xlfn.TEXTAFTER(A3, "paths-"), "/") | F3: =_xlfn.TEXTBEFORE(_xlfn.TEXTAFTER(A3, "pathep-["), "]") | G3: =IF(ISNUMBER(SEARCH("PG",F3)),F3,_xlfn.CONCAT(E3,F3)) | H3: =C3
A4: uni/tn-mgmt/out-L3OUT_GESTION_INB_RMAC2/lnodep-NP_GESTION_INB/lifp-INTP_102_GESTION_INB/rspathL3OutAtt-[topology/pod-1/paths-102/pathep-[eth1/41]] | B4: =_xlfn.TEXTBEFORE(_xlfn.TEXTAFTER(A4, "tn-"), "/") | C4: =_xlfn.TEXTBEFORE(_xlfn.TEXTAFTER(A4, "out-"), "/") | D4: =_xlfn.TEXTBEFORE(_xlfn.TEXTAFTER(A4, "topology/pod-"), "/") | E4: =_xlfn.TEXTBEFORE(_xlfn.TEXTAFTER(A4, "paths-"), "/") | F4: =_xlfn.TEXTBEFORE(_xlfn.TEXTAFTER(A4, "pathep-["), "]") | G4: =IF(ISNUMBER(SEARCH("PG",F4)),F4,_xlfn.CONCAT(E4,F4)) | H4: =C4
A5: uni/tn-mgmt/out-L3OUT_GESTION_INB_RMAC1/lnodep-NP_GESTION_INB/lifp-INTP_101_GESTION_INB/rspathL3OutAtt-[topology/pod-1/paths-101/pathep-[eth1/41]] | B5: =_xlfn.TEXTBEFORE(_xlfn.TEXTAFTER(A5, "tn-"), "/") | C5: =_xlfn.TEXTBEFORE(_xlfn.TEXTAFTER(A5, "out-"), "/") | D5: =_xlfn.TEXTBEFORE(_xlfn.TEXTAFTER(A5, "topology/pod-"), "/") | E5: =_xlfn.TEXTBEFORE(_xlfn.TEXTAFTER(A5, "paths-"), "/") | F5: =_xlfn.TEXTBEFORE(_xlfn.TEXTAFTER(A5, "pathep-["), "]") | G5: =IF(ISNUMBER(SEARCH("PG",F5)),F5,_xlfn.CONCAT(E5,F5)) | H5: =C5
A6: uni/tn-TELCEL_TELCO_NETWORK/out-L3OUT_UG0-1112-0140/lnodep-NP_LF_101/lifp-INTP_LF_101_SO3689/rspathL3OutAtt-[topology/pod-1/paths-101/pathep-[eth1/12]] | B6: =_xlfn.TEXTBEFORE(_xlfn.TEXTAFTER(A6, "tn-"), "/") | C6: =_xlfn.TEXTBEFORE(_xlfn.TEXTAFTER(A6, "out-"), "/") | D6: =_xlfn.TEXTBEFORE(_xlfn.TEXTAFTER(A6, "topology/pod-"), "/") | E6: =_xlfn.TEXTBEFORE(_xlfn.TEXTAFTER(A6, "paths-"), "/") | F6: =_xlfn.TEXTBEFORE(_xlfn.TEXTAFTER(A6, "pathep-["), "]") | G6: =IF(ISNUMBER(SEARCH("PG",F6)),F6,_xlfn.CONCAT(E6,F6)) | H6: =C6
A7: uni/tn-TELCEL_TELCO_NETWORK/out-L3OUT_ABIS_2G_IP_BSC_ERICCSON/lnodep-NP_LF_101_102/lifp-INTP_LF_101/rspathL3OutAtt-[topology/pod-1/paths-101/pathep-[eth1/7]] | B7: =_xlfn.TEXTBEFORE(_xlfn.TEXTAFTER(A7, "tn-"), "/") | C7: =_xlfn.TEXTBEFORE(_xlfn.TEXTAFTER(A7, "out-"), "/") | D7: =_xlfn.TEXTBEFORE(_xlfn.TEXTAFTER(A7, "topology/pod-"), "/") | E7: =_xlfn.TEXTBEFORE(_xlfn.TEXTAFTER(A7, "paths-"), "/") | F7: =_xlfn.TEXTBEFORE(_xlfn.TEXTAFTER(A7, "pathep-["), "]") | G7: =IF(ISNUMBER(SEARCH("PG",F7)),F7,_xlfn.CONCAT(E7,F7)) | H7: =C7
A8: uni/tn-TELCEL_TELCO_NETWORK/out-L3OUT_ABIS_2G_IP_BSC_ERICCSON/lnodep-NP_LF_101_102/lifp-INTP_LF_101/rspathL3OutAtt-[topology/pod-1/paths-101/pathep-[eth1/7]] | B8: =_xlfn.TEXTBEFORE(_xlfn.TEXTAFTER(A8, "tn-"), "/") | C8: =_xlfn.TEXTBEFORE(_xlfn.TEXTAFTER(A8, "out-"), "/") | D8: =_xlfn.TEXTBEFORE(_xlfn.TEXTAFTER(A8, "topology/pod-"), "/") | E8: =_xlfn.TEXTBEFORE(_xlfn.TEXTAFTER(A8, "paths-"), "/") | F8: =_xlfn.TEXTBEFORE(_xlfn.TEXTAFTER(A8, "pathep-["), "]") | G8: =IF(ISNUMBER(SEARCH("PG",F8)),F8,_xlfn.CONCAT(E8,F8)) | H8: =C8
A9: uni/tn-TELCEL_TELCO_NETWORK/out-L3OUT_UG0-1208-0008/lnodep-NP_LF_102/lifp-INTP_LF_102_SO6312/rspathL3OutAtt-[topology/pod-1/paths-102/pathep-[eth1/9]] | B9: =_xlfn.TEXTBEFORE(_xlfn.TEXTAFTER(A9, "tn-"), "/") | C9: =_xlfn.TEXTBEFORE(_xlfn.TEXTAFTER(A9, "out-"), "/") | D9: =_xlfn.TEXTBEFORE(_xlfn.TEXTAFTER(A9, "topology/pod-"), "/") | E9: =_xlfn.TEXTBEFORE(_xlfn.TEXTAFTER(A9, "paths-"), "/") | F9: =_xlfn.TEXTBEFORE(_xlfn.TEXTAFTER(A9, "pathep-["), "]") | G9: =IF(ISNUMBER(SEARCH("PG",F9)),F9,_xlfn.CONCAT(E9,F9)) | H9: =C9
A10: uni/tn-TELCEL_TELCO_NETWORK/out-L3OUT_UG0-1208-0008/lnodep-NP_LF_102/lifp-INTP_LF_102_SO6312/rspathL3OutAtt-[topology/pod-1/paths-102/pathep-[eth1/9]] | B10: =_xlfn.TEXTBEFORE(_xlfn.TEXTAFTER(A10, "tn-"), "/") | C10: =_xlfn.TEXTBEFORE(_xlfn.TEXTAFTER(A10, "out-"), "/") | D10: =_xlfn.TEXTBEFORE(_xlfn.TEXTAFTER(A10, "topology/pod-"), "/") | E10: =_xlfn.TEXTBEFORE(_xlfn.TEXTAFTER(A10, "paths-"), "/") | F10: =_xlfn.TEXTBEFORE(_xlfn.TEXTAFTER(A10, "pathep-["), "]") | G10: =IF(ISNUMBER(SEARCH("PG",F10)),F10,_xlfn.CONCAT(E10,F10)) | H10: =C10
A11: uni/tn-TELCEL_TELCO_NETWORK/out-L3OUT_INT_SERVIDORES_RMAC/lnodep-NP_LF_101/lifp-INTP_LF_101/rspathL3OutAtt-[topology/pod-1/paths-101/pathep-[PG_PC_101_L3_RMAC1]] | B11: =_xlfn.TEXTBEFORE(_xlfn.TEXTAFTER(A11, "tn-"), "/") | C11: =_xlfn.TEXTBEFORE(_xlfn.TEXTAFTER(A11, "out-"), "/") | D11: =_xlfn.TEXTBEFORE(_xlfn.TEXTAFTER(A11, "topology/pod-"), "/") | E11: =_xlfn.TEXTBEFORE(_xlfn.TEXTAFTER(A11, "paths-"), "/") | F11: =_xlfn.TEXTBEFORE(_xlfn.TEXTAFTER(A11, "pathep-["), "]") | G11: =IF(ISNUMBER(SEARCH("PG",F11)),F11,_xlfn.CONCAT(E11,F11)) | H11: =C11
A12: uni/tn-TELCEL_TELCO_NETWORK/out-L3OUT_INT_SERVIDORES_RMAC/lnodep-NP_LF_102/lifp-INTP_LF_102/rspathL3OutAtt-[topology/pod-1/paths-102/pathep-[PG_PC_102_L3_RMAC2]] | B12: =_xlfn.TEXTBEFORE(_xlfn.TEXTAFTER(A12, "tn-"), "/") | C12: =_xlfn.TEXTBEFORE(_xlfn.TEXTAFTER(A12, "out-"), "/") | D12: =_xlfn.TEXTBEFORE(_xlfn.TEXTAFTER(A12, "topology/pod-"), "/") | E12: =_xlfn.TEXTBEFORE(_xlfn.TEXTAFTER(A12, "paths-"), "/") | F12: =_xlfn.TEXTBEFORE(_xlfn.TEXTAFTER(A12, "pathep-["), "]") | G12: =IF(ISNUMBER(SEARCH("PG",F12)),F12,_xlfn.CONCAT(E12,F12)) | H12: =C12
A13: uni/tn-TELCEL_TELCO_NETWORK/out-L3OUT_WIFI_OFFLOAD-R2_RMAC/lnodep-NP_LF_102/lifp-INTP_LF_102/rspathL3OutAtt-[topology/pod-1/paths-102/pathep-[PG_PC_102_L3_RMAC2]] | B13: =_xlfn.TEXTBEFORE(_xlfn.TEXTAFTER(A13, "tn-"), "/") | C13: =_xlfn.TEXTBEFORE(_xlfn.TEXTAFTER(A13, "out-"), "/") | D13: =_xlfn.TEXTBEFORE(_xlfn.TEXTAFTER(A13, "topology/pod-"), "/") | E13: =_xlfn.TEXTBEFORE(_xlfn.TEXTAFTER(A13, "paths-"), "/") | F13: =_xlfn.TEXTBEFORE(_xlfn.TEXTAFTER(A13, "pathep-["), "]") | G13: =IF(ISNUMBER(SEARCH("PG",F13)),F13,_xlfn.CONCAT(E13,F13)) | H13: =C13
... A25: uni/tn-TELCEL_TELCO_NETWORK/out-L3OUT_UG0-1208-0008/lnodep-NP_LF_102/lifp-INTP_LF_102_SO6312/rspathL3OutAtt-[topology/pod-1/paths-102/pathep-[eth1/9]] | B25: =_xlfn.TEXTBEFORE(_xlfn.TEXTAFTER(A25, "tn-"), "/") | C25: =_xlfn.TEXTBEFORE(_xlfn.TEXTAFTER(A25, "out-"), "/") | D25: =_xlfn.TEXTBEFORE(_xlfn.TEXTAFTER(A25, "topology/pod-"), "/") | E25: =_xlfn.TEXTBEFORE(_xlfn.TEXTAFTER(A25, "paths-"), "/") | F25: =_xlfn.TEXTBEFORE(_xlfn.TEXTAFTER(A25, "pathep-["), "]") | G25: =IF(ISNUMBER(SEARCH("PG",F25)),F25,_xlfn.CONCAT(E25,F25)) | H25: =C25

Sheet PG
A1: Leaf | B1: PORT | C1: CONCAT | D1: dn | E1: INTPR | F1: ISEL | G1: tDn | H1: PG
A2: =TRIM( _xlfn.IFNA( _xlfn.TEXTBEFORE(_xlfn.TEXTAFTER(D2, "Leaf"), "/"), _xlfn.TEXTAFTER( MID( _xlfn.TEXTBEFORE(_xlfn.TEXTAFTER(D2, "INTP_"), "/"), 16, LEN(_xlfn.TEXTBEFORE(_xlfn.TEXTAFTER(D2, "INTP_"), "/")) ), "_" ) ) ) | B2: =_xlfn.CONCAT( "eth1/", _xlfn.IFNA( _xlfn.TEXTBEFORE(_xlfn.TEXTAFTER(LOWER(D2),"isel-1."),"-"), _xlfn.IFNA( _xlfn.TEXTBEFORE(_xlfn.TEXTAFTER(LOWER(D2),"ints_port-"),"-"), _xlfn.TEXTBEFORE(_xlfn.TEXTAFTER(LOWER(D2),"inst_port-"),"-") ) ) ) | C2: =_xlfn.CONCAT(A2,B2) | D2: uni/infra/accportprof-INTP_2ACI_LE_INGENIE_151/hports-INTS_PORT-31-typ-range/rsaccBas | E2: =_xlfn.TEXTBEFORE(_xlfn.TEXTAFTER(D2,"accportprof-"),"/") | F2: =_xlfn.TEXTBEFORE(_xlfn.TEXTAFTER(D2,"hports-"),"-typ") | G2: uni/infra/funcprof/accportgrp-PG_ACC_151_1.31 | H2: =IFERROR( MID(G2, SEARCH("accportgrp-", LOWER(G2)) + 11, LEN(G2)), IFERROR( MID(G2, SEARCH("accbundle-", LOWER(G2)) + 10, LEN(G2)), IFERROR( MID(G2, SEARCH("brkoutportgrp-", LOWER(G2)) + 14, LEN(G2)), "" ) ) )
A3: =TRIM( _xlfn.IFNA( _xlfn.TEXTBEFORE(_xlfn.TEXTAFTER(D3, "Leaf"), "/"), _xlfn.TEXTAFTER( MID( _xlfn.TEXTBEFORE(_xlfn.TEXTAFTER(D3, "INTP_"), "/"), 16, LEN(_xlfn.TEXTBEFORE(_xlfn.TEXTAFTER(D3, "INTP_"), "/")) ), "_" ) ) ) | B3: =_xlfn.CONCAT( "eth1/", _xlfn.IFNA( _xlfn.TEXTBEFORE(_xlfn.TEXTAFTER(LOWER(D3),"isel-1."),"-"), _xlfn.IFNA( _xlfn.TEXTBEFORE(_xlfn.TEXTAFTER(LOWER(D3),"ints_port-"),"-"), _xlfn.TEXTBEFORE(_xlfn.TEXTAFTER(LOWER(D3),"inst_port-"),"-") ) ) ) | C3: =_xlfn.CONCAT(A3,B3) | D3: uni/infra/accportprof-INTP_2ACI_LO_INGENIE_101/hports-INTS_PORT-14-typ-range/rsaccBas | E3: =_xlfn.TEXTBEFORE(_xlfn.TEXTAFTER(D3,"accportprof-"),"/") | F3: =_xlfn.TEXTBEFORE(_xlfn.TEXTAFTER(D3,"hports-"),"-typ") | G3: uni/infra/funcprof/accportgrp-PG_ACC_101_1.14 | H3: =IFERROR( MID(G3, SEARCH("accportgrp-", LOWER(G3)) + 11, LEN(G3)), IFERROR( MID(G3, SEARCH("accbundle-", LOWER(G3)) + 10, LEN(G3)), IFERROR( MID(G3, SEARCH("brkoutportgrp-", LOWER(G3)) + 14, LEN(G3)), "" ) ) )
A4: =TRIM( _xlfn.IFNA( _xlfn.TEXTBEFORE(_xlfn.TEXTAFTER(D4, "Leaf"), "/"), _xlfn.TEXTAFTER( MID( _xlfn.TEXTBEFORE(_xlfn.TEXTAFTER(D4, "INTP_"), "/"), 16, LEN(_xlfn.TEXTBEFORE(_xlfn.TEXTAFTER(D4, "INTP_"), "/")) ), "_" ) ) ) | B4: =_xlfn.CONCAT( "eth1/", _xlfn.IFNA( _xlfn.TEXTBEFORE(_xlfn.TEXTAFTER(LOWER(D4),"isel-1."),"-"), _xlfn.IFNA( _xlfn.TEXTBEFORE(_xlfn.TEXTAFTER(LOWER(D4),"ints_port-"),"-"), _xlfn.TEXTBEFORE(_xlfn.TEXTAFTER(LOWER(D4),"inst_port-"),"-") ) ) ) | C4: =_xlfn.CONCAT(A4,B4) | D4: uni/infra/accportprof-INTP_2ACI_LO_INGENIE_101/hports-INTS_PORT-47-typ-range/rsaccBas | E4: =_xlfn.TEXTBEFORE(_xlfn.TEXTAFTER(D4,"accportprof-"),"/") | F4: =_xlfn.TEXTBEFORE(_xlfn.TEXTAFTER(D4,"hports-"),"-typ") | G4: uni/infra/funcprof/accportgrp-PG_ACC_101_1.47 | H4: =IFERROR( MID(G4, SEARCH("accportgrp-", LOWER(G4)) + 11, LEN(G4)), IFERROR( MID(G4, SEARCH("accbundle-", LOWER(G4)) + 10, LEN(G4)), IFERROR( MID(G4, SEARCH("brkoutportgrp-", LOWER(G4)) + 14, LEN(G4)), "" ) ) )
A5: =TRIM( _xlfn.IFNA( _xlfn.TEXTBEFORE(_xlfn.TEXTAFTER(D5, "Leaf"), "/"), _xlfn.TEXTAFTER( MID( _xlfn.TEXTBEFORE(_xlfn.TEXTAFTER(D5, "INTP_"), "/"), 16, LEN(_xlfn.TEXTBEFORE(_xlfn.TEXTAFTER(D5, "INTP_"), "/")) ), "_" ) ) ) | B5: =_xlfn.CONCAT( "eth1/", _xlfn.IFNA( _xlfn.TEXTBEFORE(_xlfn.TEXTAFTER(LOWER(D5),"isel-1."),"-"), _xlfn.IFNA( _xlfn.TEXTBEFORE(_xlfn.TEXTAFTER(LOWER(D5),"ints_port-"),"-"), _xlfn.TEXTBEFORE(_xlfn.TEXTAFTER(LOWER(D5),"inst_port-"),"-") ) ) ) | C5: =_xlfn.CONCAT(A5,B5) | D5: uni/infra/accportprof-INTP_2ACI_LE_INGENIE_152/hports-INTS_PORT-10-typ-range/rsaccBas | E5: =_xlfn.TEXTBEFORE(_xlfn.TEXTAFTER(D5,"accportprof-"),"/") | F5: =_xlfn.TEXTBEFORE(_xlfn.TEXTAFTER(D5,"hports-"),"-typ") | G5: uni/infra/funcprof/accportgrp-PG_ACC_152_1.10 | H5: =IFERROR( MID(G5, SEARCH("accportgrp-", LOWER(G5)) + 11, LEN(G5)), IFERROR( MID(G5, SEARCH("accbundle-", LOWER(G5)) + 10, LEN(G5)), IFERROR( MID(G5, SEARCH("brkoutportgrp-", LOWER(G5)) + 14, LEN(G5)), "" ) ) )
A6: =TRIM( _xlfn.IFNA( _xlfn.TEXTBEFORE(_xlfn.TEXTAFTER(D6, "Leaf"), "/"), _xlfn.TEXTAFTER( MID( _xlfn.TEXTBEFORE(_xlfn.TEXTAFTER(D6, "INTP_"), "/"), 16, LEN(_xlfn.TEXTBEFORE(_xlfn.TEXTAFTER(D6, "INTP_"), "/")) ), "_" ) ) ) | B6: =_xlfn.CONCAT( "eth1/", _xlfn.IFNA( _xlfn.TEXTBEFORE(_xlfn.TEXTAFTER(LOWER(D6),"isel-1."),"-"), _xlfn.IFNA( _xlfn.TEXTBEFORE(_xlfn.TEXTAFTER(LOWER(D6),"ints_port-"),"-"), _xlfn.TEXTBEFORE(_xlfn.TEXTAFTER(LOWER(D6),"inst_port-"),"-") ) ) ) | C6: =_xlfn.CONCAT(A6,B6) | D6: uni/infra/accportprof-INTP_2ACI_LE_INGENIE_152/hports-INTS_PORT-7-typ-range/rsaccBase | E6: =_xlfn.TEXTBEFORE(_xlfn.TEXTAFTER(D6,"accportprof-"),"/") | F6: =_xlfn.TEXTBEFORE(_xlfn.TEXTAFTER(D6,"hports-"),"-typ") | G6: uni/infra/funcprof/accportgrp-PG_ACC_152_1.7 | H6: =IFERROR( MID(G6, SEARCH("accportgrp-", LOWER(G6)) + 11, LEN(G6)), IFERROR( MID(G6, SEARCH("accbundle-", LOWER(G6)) + 10, LEN(G6)), IFERROR( MID(G6, SEARCH("brkoutportgrp-", LOWER(G6)) + 14, LEN(G6)), "" ) ) )
A7: =TRIM( _xlfn.IFNA( _xlfn.TEXTBEFORE(_xlfn.TEXTAFTER(D7, "Leaf"), "/"), _xlfn.TEXTAFTER( MID( _xlfn.TEXTBEFORE(_xlfn.TEXTAFTER(D7, "INTP_"), "/"), 16, LEN(_xlfn.TEXTBEFORE(_xlfn.TEXTAFTER(D7, "INTP_"), "/")) ), "_" ) ) ) | B7: =_xlfn.CONCAT( "eth1/", _xlfn.IFNA( _xlfn.TEXTBEFORE(_xlfn.TEXTAFTER(LOWER(D7),"isel-1."),"-"), _xlfn.IFNA( _xlfn.TEXTBEFORE(_xlfn.TEXTAFTER(LOWER(D7),"ints_port-"),"-"), _xlfn.TEXTBEFORE(_xlfn.TEXTAFTER(LOWER(D7),"inst_port-"),"-") ) ) ) | C7: =_xlfn.CONCAT(A7,B7) | D7: uni/infra/accportprof-INTP_2ACI_LE_INGENIE_151/hports-INTS_PORT-20-typ-range/rsaccBas | E7: =_xlfn.TEXTBEFORE(_xlfn.TEXTAFTER(D7,"accportprof-"),"/") | F7: =_xlfn.TEXTBEFORE(_xlfn.TEXTAFTER(D7,"hports-"),"-typ") | G7: uni/infra/funcprof/accportgrp-PG_ACC_151_1.20 | H7: =IFERROR( MID(G7, SEARCH("accportgrp-", LOWER(G7)) + 11, LEN(G7)), IFERROR( MID(G7, SEARCH("accbundle-", LOWER(G7)) + 10, LEN(G7)), IFERROR( MID(G7, SEARCH("brkoutportgrp-", LOWER(G7)) + 14, LEN(G7)), "" ) ) )
A8: =TRIM( _xlfn.IFNA( _xlfn.TEXTBEFORE(_xlfn.TEXTAFTER(D8, "Leaf"), "/"), _xlfn.TEXTAFTER( MID( _xlfn.TEXTBEFORE(_xlfn.TEXTAFTER(D8, "INTP_"), "/"), 16, LEN(_xlfn.TEXTBEFORE(_xlfn.TEXTAFTER(D8, "INTP_"), "/")) ), "_" ) ) ) | B8: =_xlfn.CONCAT( "eth1/", _xlfn.IFNA( _xlfn.TEXTBEFORE(_xlfn.TEXTAFTER(LOWER(D8),"isel-1."),"-"), _xlfn.IFNA( _xlfn.TEXTBEFORE(_xlfn.TEXTAFTER(LOWER(D8),"ints_port-"),"-"), _xlfn.TEXTBEFORE(_xlfn.TEXTAFTER(LOWER(D8),"inst_port-"),"-") ) ) ) | C8: =_xlfn.CONCAT(A8,B8) | D8: uni/infra/accportprof-INTP_2ACI_LE_INGENIE_151/hports-INTS_PORT-33-typ-range/rsaccBas | E8: =_xlfn.TEXTBEFORE(_xlfn.TEXTAFTER(D8,"accportprof-"),"/") | F8: =_xlfn.TEXTBEFORE(_xlfn.TEXTAFTER(D8,"hports-"),"-typ") | G8: uni/infra/funcprof/accportgrp-PG_ACC_151_1.33 | H8: =IFERROR( MID(G8, SEARCH("accportgrp-", LOWER(G8)) + 11, LEN(G8)), IFERROR( MID(G8, SEARCH("accbundle-", LOWER(G8)) + 10, LEN(G8)), IFERROR( MID(G8, SEARCH("brkoutportgrp-", LOWER(G8)) + 14, LEN(G8)), "" ) ) )
A9: =TRIM( _xlfn.IFNA( _xlfn.TEXTBEFORE(_xlfn.TEXTAFTER(D9, "Leaf"), "/"), _xlfn.TEXTAFTER( MID( _xlfn.TEXTBEFORE(_xlfn.TEXTAFTER(D9, "INTP_"), "/"), 16, LEN(_xlfn.TEXTBEFORE(_xlfn.TEXTAFTER(D9, "INTP_"), "/")) ), "_" ) ) ) | B9: =_xlfn.CONCAT( "eth1/", _xlfn.IFNA( _xlfn.TEXTBEFORE(_xlfn.TEXTAFTER(LOWER(D9),"isel-1."),"-"), _xlfn.IFNA( _xlfn.TEXTBEFORE(_xlfn.TEXTAFTER(LOWER(D9),"ints_port-"),"-"), _xlfn.TEXTBEFORE(_xlfn.TEXTAFTER(LOWER(D9),"inst_port-"),"-") ) ) ) | C9: =_xlfn.CONCAT(A9,B9) | D9: uni/infra/accportprof-INTP_2ACI_LE_INGENIE_151/hports-INTS_PORT-13-typ-range/rsaccBas | E9: =_xlfn.TEXTBEFORE(_xlfn.TEXTAFTER(D9,"accportprof-"),"/") | F9: =_xlfn.TEXTBEFORE(_xlfn.TEXTAFTER(D9,"hports-"),"-typ") | G9: uni/infra/funcprof/accportgrp-PG_ACC_151_1.13 | H9: =IFERROR( MID(G9, SEARCH("accportgrp-", LOWER(G9)) + 11, LEN(G9)), IFERROR( MID(G9, SEARCH("accbundle-", LOWER(G9)) + 10, LEN(G9)), IFERROR( MID(G9, SEARCH("brkoutportgrp-", LOWER(G9)) + 14, LEN(G9)), "" ) ) )
A10: =TRIM( _xlfn.IFNA( _xlfn.TEXTBEFORE(_xlfn.TEXTAFTER(D10, "Leaf"), "/"), _xlfn.TEXTAFTER( MID( _xlfn.TEXTBEFORE(_xlfn.TEXTAFTER(D10, "INTP_"), "/"), 16, LEN(_xlfn.TEXTBEFORE(_xlfn.TEXTAFTER(D10, "INTP_"), "/")) ), "_" ) ) ) | B10: =_xlfn.CONCAT( "eth1/", _xlfn.IFNA( _xlfn.TEXTBEFORE(_xlfn.TEXTAFTER(LOWER(D10),"isel-1."),"-"), _xlfn.IFNA( _xlfn.TEXTBEFORE(_xlfn.TEXTAFTER(LOWER(D10),"ints_port-"),"-"), _xlfn.TEXTBEFORE(_xlfn.TEXTAFTER(LOWER(D10),"inst_port-"),"-") ) ) ) | C10: =_xlfn.CONCAT(A10,B10) | D10: uni/infra/accportprof-INTP_2ACI_LE_INGENIE_152/hports-INTS_PORT-13-typ-range/rsaccBas | E10: =_xlfn.TEXTBEFORE(_xlfn.TEXTAFTER(D10,"accportprof-"),"/") | F10: =_xlfn.TEXTBEFORE(_xlfn.TEXTAFTER(D10,"hports-"),"-typ") | G10: uni/infra/funcprof/accportgrp-PG_ACC_152_1.13 | H10: =IFERROR( MID(G10, SEARCH("accportgrp-", LOWER(G10)) + 11, LEN(G10)), IFERROR( MID(G10, SEARCH("accbundle-", LOWER(G10)) + 10, LEN(G10)), IFERROR( MID(G10, SEARCH("brkoutportgrp-", LOWER(G10)) + 14, LEN(G10)), "" ) ) )
A11: =TRIM( _xlfn.IFNA( _xlfn.TEXTBEFORE(_xlfn.TEXTAFTER(D11, "Leaf"), "/"), _xlfn.TEXTAFTER( MID( _xlfn.TEXTBEFORE(_xlfn.TEXTAFTER(D11, "INTP_"), "/"), 16, LEN(_xlfn.TEXTBEFORE(_xlfn.TEXTAFTER(D11, "INTP_"), "/")) ), "_" ) ) ) | B11: =_xlfn.CONCAT( "eth1/", _xlfn.IFNA( _xlfn.TEXTBEFORE(_xlfn.TEXTAFTER(LOWER(D11),"isel-1."),"-"), _xlfn.IFNA( _xlfn.TEXTBEFORE(_xlfn.TEXTAFTER(LOWER(D11),"ints_port-"),"-"), _xlfn.TEXTBEFORE(_xlfn.TEXTAFTER(LOWER(D11),"inst_port-"),"-") ) ) ) | C11: =_xlfn.CONCAT(A11,B11) | D11: uni/infra/accportprof-INTP_2ACI_LE_INGENIE_152/hports-INTS_PORT-27-typ-range/rsaccBas | E11: =_xlfn.TEXTBEFORE(_xlfn.TEXTAFTER(D11,"accportprof-"),"/") | F11: =_xlfn.TEXTBEFORE(_xlfn.TEXTAFTER(D11,"hports-"),"-typ") | G11: uni/infra/funcprof/accportgrp-PG_ACC_152_1.27 | H11: =IFERROR( MID(G11, SEARCH("accportgrp-", LOWER(G11)) + 11, LEN(G11)), IFERROR( MID(G11, SEARCH("accbundle-", LOWER(G11)) + 10, LEN(G11)), IFERROR( MID(G11, SEARCH("brkoutportgrp-", LOWER(G11)) + 14, LEN(G11)), "" ) ) )
A12: =TRIM( _xlfn.IFNA( _xlfn.TEXTBEFORE(_xlfn.TEXTAFTER(D12, "Leaf"), "/"), _xlfn.TEXTAFTER( MID( _xlfn.TEXTBEFORE(_xlfn.TEXTAFTER(D12, "INTP_"), "/"), 16, LEN(_xlfn.TEXTBEFORE(_xlfn.TEXTAFTER(D12, "INTP_"), "/")) ), "_" ) ) ) | B12: =_xlfn.CONCAT( "eth1/", _xlfn.IFNA( _xlfn.TEXTBEFORE(_xlfn.TEXTAFTER(LOWER(D12),"isel-1."),"-"), _xlfn.IFNA( _xlfn.TEXTBEFORE(_xlfn.TEXTAFTER(LOWER(D12),"ints_port-"),"-"), _xlfn.TEXTBEFORE(_xlfn.TEXTAFTER(LOWER(D12),"inst_port-"),"-") ) ) ) | C12: =_xlfn.CONCAT(A12,B12) | D12: uni/infra/accportprof-INTP_2ACI_LO_INGENIE_102/hports-INTS_PORT-45-typ-range/rsaccBas | E12: =_xlfn.TEXTBEFORE(_xlfn.TEXTAFTER(D12,"accportprof-"),"/") | F12: =_xlfn.TEXTBEFORE(_xlfn.TEXTAFTER(D12,"hports-"),"-typ") | G12: uni/infra/funcprof/accbundle-PG_PC_102_L3_RMAC2 | H12: =IFERROR( MID(G12, SEARCH("accportgrp-", LOWER(G12)) + 11, LEN(G12)), IFERROR( MID(G12, SEARCH("accbundle-", LOWER(G12)) + 10, LEN(G12)), IFERROR( MID(G12, SEARCH("brkoutportgrp-", LOWER(G12)) + 14, LEN(G12)), "" ) ) )
A13: =TRIM( _xlfn.IFNA( _xlfn.TEXTBEFORE(_xlfn.TEXTAFTER(D13, "Leaf"), "/"), _xlfn.TEXTAFTER( MID( _xlfn.TEXTBEFORE(_xlfn.TEXTAFTER(D13, "INTP_"), "/"), 16, LEN(_xlfn.TEXTBEFORE(_xlfn.TEXTAFTER(D13, "INTP_"), "/")) ), "_" ) ) ) | B13: =_xlfn.CONCAT( "eth1/", _xlfn.IFNA( _xlfn.TEXTBEFORE(_xlfn.TEXTAFTER(LOWER(D13),"isel-1."),"-"), _xlfn.IFNA( _xlfn.TEXTBEFORE(_xlfn.TEXTAFTER(LOWER(D13),"ints_port-"),"-"), _xlfn.TEXTBEFORE(_xlfn.TEXTAFTER(LOWER(D13),"inst_port-"),"-") ) ) ) | C13: =_xlfn.CONCAT(A13,B13) | D13: uni/infra/accportprof-INTP_2ACI_LE_INGENIE_151/hports-INTS_PORT-27-typ-range/rsaccBas | E13: =_xlfn.TEXTBEFORE(_xlfn.TEXTAFTER(D13,"accportprof-"),"/") | F13: =_xlfn.TEXTBEFORE(_xlfn.TEXTAFTER(D13,"hports-"),"-typ") | G13: uni/infra/funcprof/accportgrp-PG_ACC_151_1.27 | H13: =IFERROR( MID(G13, SEARCH("accportgrp-", LOWER(G13)) + 11, LEN(G13)), IFERROR( MID(G13, SEARCH("accbundle-", LOWER(G13)) + 10, LEN(G13)), IFERROR( MID(G13, SEARCH("brkoutportgrp-", LOWER(G13)) + 14, LEN(G13)), "" ) ) )
... A92: =TRIM( _xlfn.IFNA( _xlfn.TEXTBEFORE(_xlfn.TEXTAFTER(D92, "Leaf"), "/"), _xlfn.TEXTAFTER( MID( _xlfn.TEXTBEFORE(_xlfn.TEXTAFTER(D92, "INTP_"), "/"), 16, LEN(_xlfn.TEXTBEFORE(_xlfn.TEXTAFTER(D92, "INTP_"), "/")) ), "_" ) ) ) | B92: =_xlfn.CONCAT( "eth1/", _xlfn.IFNA( _xlfn.TEXTBEFORE(_xlfn.TEXTAFTER(LOWER(D92),"isel-1."),"-"), _xlfn.IFNA( _xlfn.TEXTBEFORE(_xlfn.TEXTAFTER(LOWER(D92),"ints_port-"),"-"), _xlfn.TEXTBEFORE(_xlfn.TEXTAFTER(LOWER(D92),"inst_port-"),"-") ) ) ) | C92: =_xlfn.CONCAT(A92,B92) | D92: uni/infra/accportprof-INTP_2ACI_LE_INGENIE_152/hports-INTS_PORT-23-typ-range/rsaccBas | E92: =_xlfn.TEXTBEFORE(_xlfn.TEXTAFTER(D92,"accportprof-"),"/") | F92: =_xlfn.TEXTBEFORE(_xlfn.TEXTAFTER(D92,"hports-"),"-typ") | G92: uni/infra/funcprof/accportgrp-PG_ACC_152_1.23 | H92: =IFERROR( MID(G92, SEARCH("accportgrp-", LOWER(G92)) + 11, LEN(G92)), IFERROR( MID(G92, SEARCH("accbundle-", LOWER(G92)) + 10, LEN(G92)), IFERROR( MID(G92, SEARCH("brkoutportgrp-", LOWER(G92)) + 14, LEN(G92)), "" ) ) )

Sheet LEAF_INFO
A1: pod_id | B1: id | C1: pod_id2 | D1: address | E1: version | F1: serialNumber | G1: name | H1: model
A2: 1 | B2: 1 | C2: =Tabla4[[#This Row],[pod_id]] | D2: 172.30.32.1 | E2: 6.0(7e) | F2: WMP252301FT | G2: 2ACIAPICINGENIE01 | H2: APIC-SERVER-M3
A3: 1 | B3: 2 | C3: =Tabla4[[#This Row],[pod_id]] | D3: 172.30.32.2 | E3: 6.0(7e) | F3: WMP2523015V | G3: 2ACIAPICINGENIE02 | H3: APIC-SERVER-M3
A4: 1 | B4: 3 | C4: =Tabla4[[#This Row],[pod_id]] | D4: 172.30.32.3 | E4: 6.0(7e) | F4: WMP252301C6 | G4: 2ACIAPICINGENIE03 | H4: APIC-SERVER-M3
A5: 1 | B5: 101 | C5: =Tabla4[[#This Row],[pod_id]] | D5: 172.30.39.192 | E5: n9000-16.0(7e) | F5: FDO261606U5 | G5: 2ACI_LO_INGENIE_101 | H5: N9K-C93180YC-FX3
A6: 1 | B6: 102 | C6: =Tabla4[[#This Row],[pod_id]] | D6: 172.30.39.195 | E6: n9000-16.0(7e) | F6: FDO261627YU | G6: 2ACI_LO_INGENIE_102 | H6: N9K-C93180YC-FX3
A7: 1 | B7: 151 | C7: =Tabla4[[#This Row],[pod_id]] | D7: 172.30.39.196 | E7: n9000-16.0(7e) | F7: FLM262906WU | G7: 2ACI_LE_INGENIE_151 | H7: N9K-C9348GC-FXP
A8: 1 | B8: 152 | C8: =Tabla4[[#This Row],[pod_id]] | D8: 172.30.39.197 | E8: n9000-16.0(7e) | F8: FLM2629VR2H | G8: 2ACI_LE_INGENIE_152 | H8: N9K-C9348GC-FXP
A9: 1 | B9: 201 | C9: =Tabla4[[#This Row],[pod_id]] | D9: 172.30.39.193 | E9: n9000-16.0(7e) | F9: FLM253302M2 | G9: 2ACI_SP_INGENIE_201 | H9: N9K-C9332C
A10: 1 | B10: 202 | C10: =Tabla4[[#This Row],[pod_id]] | D10: 172.30.39.194 | E10: n9000-16.0(7e) | F10: FLM25430G8T | G10: 2ACI_SP_INGENIE_202 | H10: N9K-C9332C

Sheet VPCs
A1: VPC | D1: LEAF 1 | L1: LEAF 2
A2: NAME | B2: VPC ID | C2: SALA | D2: HOSTNAME | E2: MODEL | F2: ID | G2: VPC_MEMBER | H2: UP_UP | I2: UP_DOWN | J2: DOWN_DOWN | K2: PORTS | L2: HOSTNAME_ | M2: MODEL_ | N2: ID_ | O2: VPC_MEMBER_ | P2: UP_UP_ | Q2: UP_DOWN_ | R2: DOWN_DOWN_ | S2: PORTS_
A3: VPC_151-152 | B3: =VLOOKUP(Table1[[#This Row],[NAME]],VPC!A:B,2,0) | C3: =VLOOKUP(VALUE(Table1[[#This Row],[ID]]),LEAF_INFO!B:C,2,0) | D3: =VLOOKUP(VALUE(Table1[[#This Row],[ID]]),LEAF_INFO!B:G,6,0) | E3: =VLOOKUP(VALUE(Table1[[#This Row],[ID]]),LEAF_INFO!B:H,7,0) | F3: =IFERROR( --_xlfn.TEXTBEFORE( MID(LOWER(A3), SEARCH("vpc",LOWER(A3)) + 4 + IF(MID(LOWER(A3),SEARCH("vpc",LOWER(A3))+4,4)="leaf",4,0), 20), "-" ), "") | G3: =Table1[[#This Row],[NAME]] | H3: =COUNTIFS(PORTs!A:A,"up", PORTs!B:B,"up", PORTs!E:E,Table1[[#This Row],[ID]]) | I3: =COUNTIFS(PORTs!A:A,"up", PORTs!B:B,"down", PORTs!E:E,Table1[[#This Row],[ID]]) | J3: =COUNTIFS(PORTs!A:A,"down", PORTs!B:B,"down", PORTs!E:E,Table1[[#This Row],[ID]]) | K3: =Table1[[#This Row],[UP_UP]]+Table1[[#This Row],[UP_DOWN]]+Table1[[#This Row],[DOWN_DOWN]] | L3: =VLOOKUP(VALUE(Table1[[#This Row],[ID_]]),LEAF_INFO!B:G,6,0) | M3: =VLOOKUP(VALUE(Table1[[#This Row],[ID_]]),LEAF_INFO!B:H,7,0) | N3: =_xlfn.LET( _xlpm.txt, A3, _xlpm.clean, SUBSTITUTE(SUBSTITUTE(_xlpm.txt, "_", "-"), "--", "-"), _xlfn.TEXTAFTER(_xlpm.clean, "-", -1) ) | O3: =Table1[[#This Row],[NAME]] | P3: =COUNTIFS(PORTs!A:A,"up", PORTs!B:B,"up", PORTs!E:E,Table1[[#This Row],[ID_]]) | Q3: =COUNTIFS(PORTs!A:A,"up", PORTs!B:B,"down", PORTs!E:E,Table1[[#This Row],[ID_]]) | R3: =COUNTIFS(PORTs!A:A,"down", PORTs!B:B,"down", PORTs!E:E,Table1[[#This Row],[ID_]]) | S3: =Table1[[#This Row],[UP_UP_]]+Table1[[#This Row],[UP_DOWN_]]+Table1[[#This Row],[DOWN_DOWN_]]

Sheet VPC
A1: NAME | B1: VPC ID
A2: VPC_151-152 | B2: 151

Sheet PORTs
A1: Admin State | B1: Operational State | C1: Description | D1: POD | E1: NODE | F1: PORT
A2: down | B2: down | D2: 1 | E2: 101 | F2: eth1/33
A3: down | B3: down | D3: 1 | E3: 101 | F3: eth1/34
A4: down | B4: down | D4: 1 | E4: 101 | F4: eth1/35
A5: up | B5: up | C5: B2B A SMAC1 | D5: 1 | E5: 101 | F5: eth1/36
A6: down | B6: down | D6: 1 | E6: 101 | F6: eth1/37
A7: up | B7: up | C7: HACIA RMAC1 BUNDLE110 | D7: 1 | E7: 101 | F7: eth1/38
A8: down | B8: down | D8: 1 | E8: 101 | F8: eth1/39
A9: up | B9: up | C9: A 2R_MAC_MXINGEN_1 | B2B | UP-LINK SERVICIOS | D9: 1 | E9: 101 | F9: eth1/40
A10: up | B10: up | C10: LINK_GESTION | D10: 1 | E10: 101 | F10: eth1/41
A11: down | B11: down | D11: 1 | E11: 101 | F11: eth1/42
A12: down | B12: down | D12: 1 | E12: 101 | F12: eth1/43
A13: down | B13: down | D13: 1 | E13: 101 | F13: eth1/44
A14: up | B14: up | C14: HACIA RMAC1 BUNDLE110 | D14: 1 | E14: 101 | F14: eth1/45
A15: up | B15: up | C15: LINK_HACIA_APIC | D15: 1 | E15: 101 | F15: eth1/46
A16: up | B16: up | C16: LINK_HACIA_APIC | D16: 1 | E16: 101 | F16: eth1/47
A17: up | B17: up | C17: LINK_HACIA_APIC | D17: 1 | E17: 101 | F17: eth1/48
A18: down | B18: down | D18: 1 | E18: 101 | F18: eth1/49
A19: down | B19: down | D19: 1 | E19: 101 | F19: eth1/50
A20: down | B20: down | D20: 1 | E20: 101 | F20: eth1/51
A21: down | B21: down | D21: 1 | E21: 101 | F21: eth1/52
A22: up | B22: up | C22: LINK_HACIA_SPINE | D22: 1 | E22: 101 | F22: eth1/53
A23: up | B23: up | C23: LINK_HACIA_SPINE | D23: 1 | E23: 101 | F23: eth1/54
A24: down | B24: down | D24: 1 | E24: 101 | F24: eth1/1
A25: down | B25: down | D25: 1 | E25: 101 | F25: eth1/2
A26: down | B26: down | D26: 1 | E26: 101 | F26: eth1/3
A27: down | B27: down | D27: 1 | E27: 101 | F27: eth1/4
A28: down | B28: down | D28: 1 | E28: 101 | F28: eth1/5
A29: down | B29: down | D29: 1 | E29: 101 | F29: eth1/6
A30: up | B30: up | C30: To_BSC_ERICCSON_01 | D30: 1 | E30: 101 | F30: eth1/7
A31: down | B31: down | D31: 1 | E31: 101 | F31: eth1/8
A32: down | B32: down | D32: 1 | E32: 101 | F32: eth1/9
A33: down | B33: down | D33: 1 | E33: 101 | F33: eth1/10
A34: up | B34: up | C34: To_PTMP-UG0-1112-0066 | D34: 1 | E34: 101 | F34: eth1/11
A35: up | B35: up | C35: LINK_HACIA_To_PTMP-UG0-1112-0140 | D35: 1 | E35: 101 | F35: eth1/12
A36: up | B36: up | C36: To_EVO1_INGEV1 | D36: 1 | E36: 101 | F36: eth1/13
A37: up | B37: up | C37: Hacia NR 5G INGENIEROS | D37: 1 | E37: 101 | F37: eth1/14
A38: down | B38: down | D38: 1 | E38: 101 | F38: eth1/15
A39: down | B39: down | D39: 1 | E39: 101 | F39: eth1/16
A40: down | B40: down | D40: 1 | E40: 101 | F40: eth1/17
A41: down | B41: down | D41: 1 | E41: 101 | F41: eth1/18
A42: down | B42: down | D42: 1 | E42: 101 | F42: eth1/19
A43: down | B43: down | D43: 1 | E43: 101 | F43: eth1/20
A44: down | B44: down | D44: 1 | E44: 101 | F44: eth1/21
A45: down | B45: down | D45: 1 | E45: 101 | F45: eth1/22
A46: down | B46: down | D46: 1 | E46: 101 | F46: eth1/23
A47: down | B47: down | D47: 1 | E47: 101 | F47: eth1/24
A48: down | B48: down | D48: 1 | E48: 101 | F48: eth1/25
A49: down | B49: down | D49: 1 | E49: 101 | F49: eth1/26
... A58: down | B58: down | D58: 1 | E58: 102 | F58: eth1/35
A59: up | B59: up | C59: B2B A SMAC2 | D59: 1 | E59: 102 | F59: eth1/36
A60: down | B60: down | D60: 1 | E60: 102 | F60: eth1/37
A61: up | B61: up | C61: HACIA RMAC2 BUNDLE110 | D61: 1 | E61: 102 | F61: eth1/38
A62: down | B62: down | D62: 1 | E62: 102 | F62: eth1/39
A63: up | B63: up | C63: A 2R_MAC_MXINGEN_2 | B2B | UP-LINK SERVICIOS | D63: 1 | E63: 102 | F63: eth1/40
A64: up | B64: up | C64: LINK_GESTION | D64: 1 | E64: 102 | F64: eth1/41
A65: down | B65: down | D65: 1 | E65: 102 | F65: eth1/42
A66: down | B66: down | D66: 1 | E66: 102 | F66: eth1/43
A67: down | B67: down | D67: 1 | E67: 102 | F67: eth1/44
A68: up | B68: up | C68: HACIA RMAC2 BUNDLE110 | D68: 1 | E68: 102 | F68: eth1/45
A69: up | B69: up | C69: LINK_HACIA_APIC | D69: 1 | E69: 102 | F69: eth1/46
A70: up | B70: up | C70: LINK_HACIA_APIC | D70: 1 | E70: 102 | F70: eth1/47
A71: up | B71: up | C71: LINK_HACIA_APIC | D71: 1 | E71: 102 | F71: eth1/48
A72: down | B72: down | D72: 1 | E72: 102 | F72: eth1/49
A73: down | B73: down | D73: 1 | E73: 102 | F73: eth1/50
A74: down | B74: down | D74: 1 | E74: 102 | F74: eth1/51
A75: down | B75: down | D75: 1 | E75: 102 | F75: eth1/52
A76: up | B76: up | C76: LINK_HACIA_SPINE | D76: 1 | E76: 102 | F76: eth1/53
A77: up | B77: up | C77: LINK_HACIA_SPINE | D77: 1 | E77: 102 | F77: eth1/54
A78: down | B78: down | D78: 1 | E78: 102 | F78: eth1/1
A79: down | B79: down | D79: 1 | E79: 102 | F79: eth1/2
A80: down | B80: down | D80: 1 | E80: 102 | F80: eth1/3
A81: down | B81: down | D81: 1 | E81: 102 | F81: eth1/4
A82: down | B82: down | D82: 1 | E82: 102 | F82: eth1/5
A83: up | B83: up | C83: To_BSC_ERICCSON_02 | D83: 1 | E83: 102 | F83: eth1/6
A84: up | B84: up | C84: To_PTMP-UG0-1710-0008 | D84: 1 | E84: 102 | F84: eth1/7
A85: up | B85: up | C85: To_PTMP-UG0-1507-0002 | D85: 1 | E85: 102 | F85: eth1/8
A86: up | B86: up | C86: LINK HACIA To_PTMP-UG0-1208-0008 | D86: 1 | E86: 102 | F86: eth1/9
A87: up | B87: up | C87: To_EVO1_INGEV1 | D87: 1 | E87: 102 | F87: eth1/10
A88: down | B88: down | D88: 1 | E88: 102 | F88: eth1/11
A89: down | B89: down | D89: 1 | E89: 102 | F89: eth1/12
A90: down | B90: down | D90: 1 | E90: 102 | F90: eth1/13
A91: down | B91: down | D91: 1 | E91: 102 | F91: eth1/14
A92: down | B92: down | D92: 1 | E92: 102 | F92: eth1/15
A93: down | B93: down | D93: 1 | E93: 102 | F93: eth1/16
A94: down | B94: down | D94: 1 | E94: 102 | F94: eth1/17
A95: down | B95: down | D95: 1 | E95: 102 | F95: eth1/18
A96: down | B96: down | D96: 1 | E96: 102 | F96: eth1/19
A97: down | B97: down | D97: 1 | E97: 102 | F97: eth1/20
A98: down | B98: down | D98: 1 | E98: 102 | F98: eth1/21
A99: down | B99: down | D99: 1 | E99: 102 | F99: eth1/22
... A111: down | B111: down | D111: 1 | E111: 201 | F111: eth1/34
A112: up | B112: up | C112: LINK_HACIA_LEAF | D112: 1 | E112: 201 | F112: eth1/1
A113: up | B113: up | C113: LINK_HACIA_LEAF | D113: 1 | E113: 201 | F113: eth1/2
A114: up | B114: up | C114: LINK_HACIA_LEAF | D114: 1 | E114: 201 | F114: eth1/3
A115: up | B115: up | C115: LINK_HACIA_LEAF | D115: 1 | E115: 201 | F115: eth1/4
A116: down | B116: down | D116: 1 | E116: 201 | F116: eth1/5
A117: down | B117: down | D117: 1 | E117: 201 | F117: eth1/6
A118: down | B118: down | D118: 1 | E118: 201 | F118: eth1/7
A119: down | B119: down | D119: 1 | E119: 201 | F119: eth1/8
...

Sheet Statics
A1: dn | B1: AP | C1: EPG | D1: TOPOLOGY | E1: POD | F1: NODE | G1: PORT_INT | H1: CONCAT | I1: encap | J1: mode
A2: uni/tn-TELCEL_TELCO_NETWORK/ap-AP_Voz_Nb_Ericsson/epg-EPG_VLAN_600/rspathAtt-[topolog | B2: =_xlfn.TEXTBEFORE(_xlfn.TEXTAFTER(A2, "ap-"), "/") | C2: =_xlfn.TEXTBEFORE(_xlfn.TEXTAFTER(A2, "epg-"), "/") | D2: =_xlfn.TEXTBEFORE(_xlfn.TEXTAFTER(A2, "rspathAtt-"), "]") & "]]" | E2: =_xlfn.TEXTBEFORE(_xlfn.TEXTAFTER(D2, "pod-"), "/") | F2: =_xlfn.TEXTBEFORE(_xlfn.TEXTAFTER(D2, "paths-"), "/") | G2: =_xlfn.TEXTBEFORE(_xlfn.TEXTAFTER(D2, "pathep-["), "]") | H2: =_xlfn.CONCAT(F2,G2) | I2: vlan-600 | J2: regular
A3: uni/tn-TELCEL_TELCO_NETWORK/ap-AP_Voz_Nb_Ericsson/epg-EPG_VLAN_600/rspathAtt-[topolog | B3: =_xlfn.TEXTBEFORE(_xlfn.TEXTAFTER(A3, "ap-"), "/") | C3: =_xlfn.TEXTBEFORE(_xlfn.TEXTAFTER(A3, "epg-"), "/") | D3: =_xlfn.TEXTBEFORE(_xlfn.TEXTAFTER(A3, "rspathAtt-"), "]") & "]]" | E3: =_xlfn.TEXTBEFORE(_xlfn.TEXTAFTER(D3, "pod-"), "/") | F3: =_xlfn.TEXTBEFORE(_xlfn.TEXTAFTER(D3, "paths-"), "/") | G3: =_xlfn.TEXTBEFORE(_xlfn.TEXTAFTER(D3, "pathep-["), "]") | H3: =_xlfn.CONCAT(F3,G3) | I3: vlan-600 | J3: regular
A4: uni/tn-TELCEL_TELCO_NETWORK/ap-AP_Voz_Nb_Ericsson/epg-EPG_VLAN_610/rspathAtt-[topolog | B4: =_xlfn.TEXTBEFORE(_xlfn.TEXTAFTER(A4, "ap-"), "/") | C4: =_xlfn.TEXTBEFORE(_xlfn.TEXTAFTER(A4, "epg-"), "/") | D4: =_xlfn.TEXTBEFORE(_xlfn.TEXTAFTER(A4, "rspathAtt-"), "]") & "]]" | E4: =_xlfn.TEXTBEFORE(_xlfn.TEXTAFTER(D4, "pod-"), "/") | F4: =_xlfn.TEXTBEFORE(_xlfn.TEXTAFTER(D4, "paths-"), "/") | G4: =_xlfn.TEXTBEFORE(_xlfn.TEXTAFTER(D4, "pathep-["), "]") | H4: =_xlfn.CONCAT(F4,G4) | I4: vlan-610 | J4: regular
A5: uni/tn-TELCEL_TELCO_NETWORK/ap-AP_Voz_Nb_Ericsson/epg-EPG_VLAN_610/rspathAtt-[topolog | B5: =_xlfn.TEXTBEFORE(_xlfn.TEXTAFTER(A5, "ap-"), "/") | C5: =_xlfn.TEXTBEFORE(_xlfn.TEXTAFTER(A5, "epg-"), "/") | D5: =_xlfn.TEXTBEFORE(_xlfn.TEXTAFTER(A5, "rspathAtt-"), "]") & "]]" | E5: =_xlfn.TEXTBEFORE(_xlfn.TEXTAFTER(D5, "pod-"), "/") | F5: =_xlfn.TEXTBEFORE(_xlfn.TEXTAFTER(D5, "paths-"), "/") | G5: =_xlfn.TEXTBEFORE(_xlfn.TEXTAFTER(D5, "pathep-["), "]") | H5: =_xlfn.CONCAT(F5,G5) | I5: vlan-610 | J5: regular
A6: uni/tn-TELCEL_TELCO_NETWORK/ap-AP_Voz_Nb_Ericsson/epg-EPG_VLAN_610/rspathAtt-[topolog | B6: =_xlfn.TEXTBEFORE(_xlfn.TEXTAFTER(A6, "ap-"), "/") | C6: =_xlfn.TEXTBEFORE(_xlfn.TEXTAFTER(A6, "epg-"), "/") | D6: =_xlfn.TEXTBEFORE(_xlfn.TEXTAFTER(A6, "rspathAtt-"), "]") & "]]" | E6: =_xlfn.TEXTBEFORE(_xlfn.TEXTAFTER(D6, "pod-"), "/") | F6: =_xlfn.TEXTBEFORE(_xlfn.TEXTAFTER(D6, "paths-"), "/") | G6: =_xlfn.TEXTBEFORE(_xlfn.TEXTAFTER(D6, "pathep-["), "]") | H6: =_xlfn.CONCAT(F6,G6) | I6: vlan-610 | J6: regular
A7: uni/tn-TELCEL_TELCO_NETWORK/ap-AP_Voz_Nb_Ericsson/epg-EPG_VLAN_610/rspathAtt-[topolog | B7: =_xlfn.TEXTBEFORE(_xlfn.TEXTAFTER(A7, "ap-"), "/") | C7: =_xlfn.TEXTBEFORE(_xlfn.TEXTAFTER(A7, "epg-"), "/") | D7: =_xlfn.TEXTBEFORE(_xlfn.TEXTAFTER(A7, "rspathAtt-"), "]") & "]]" | E7: =_xlfn.TEXTBEFORE(_xlfn.TEXTAFTER(D7, "pod-"), "/") | F7: =_xlfn.TEXTBEFORE(_xlfn.TEXTAFTER(D7, "paths-"), "/") | G7: =_xlfn.TEXTBEFORE(_xlfn.TEXTAFTER(D7, "pathep-["), "]") | H7: =_xlfn.CONCAT(F7,G7) | I7: vlan-610 | J7: regular
A8: uni/tn-TELCEL_TELCO_NETWORK/ap-AP_default/epg-EPG_VLAN_1/rspathAtt-[topology/pod-1/pa | B8: =_xlfn.TEXTBEFORE(_xlfn.TEXTAFTER(A8, "ap-"), "/") | C8: =_xlfn.TEXTBEFORE(_xlfn.TEXTAFTER(A8, "epg-"), "/") | D8: =_xlfn.TEXTBEFORE(_xlfn.TEXTAFTER(A8, "rspathAtt-"), "]") & "]]" | E8: =_xlfn.TEXTBEFORE(_xlfn.TEXTAFTER(D8, "pod-"), "/") | F8: =_xlfn.TEXTBEFORE(_xlfn.TEXTAFTER(D8, "paths-"), "/") | G8: =_xlfn.TEXTBEFORE(_xlfn.TEXTAFTER(D8, "pathep-["), "]") | H8: =_xlfn.CONCAT(F8,G8) | I8: vlan-1 | J8: regular
A9: uni/tn-TELCEL_TELCO_NETWORK/ap-AP_default/epg-EPG_VLAN_1/rspathAtt-[topology/pod-1/pa | B9: =_xlfn.TEXTBEFORE(_xlfn.TEXTAFTER(A9, "ap-"), "/") | C9: =_xlfn.TEXTBEFORE(_xlfn.TEXTAFTER(A9, "epg-"), "/") | D9: =_xlfn.TEXTBEFORE(_xlfn.TEXTAFTER(A9, "rspathAtt-"), "]") & "]]" | E9: =_xlfn.TEXTBEFORE(_xlfn.TEXTAFTER(D9, "pod-"), "/") | F9: =_xlfn.TEXTBEFORE(_xlfn.TEXTAFTER(D9, "paths-"), "/") | G9: =_xlfn.TEXTBEFORE(_xlfn.TEXTAFTER(D9, "pathep-["), "]") | H9: =_xlfn.CONCAT(F9,G9) | I9: vlan-1 | J9: regular
A10: uni/tn-TELCEL_TELCO_NETWORK/ap-AP_telcel_ipcorp/epg-EPG_VLAN_63/rspathAtt-[topology/p | B10: =_xlfn.TEXTBEFORE(_xlfn.TEXTAFTER(A10, "ap-"), "/") | C10: =_xlfn.TEXTBEFORE(_xlfn.TEXTAFTER(A10, "epg-"), "/") | D10: =_xlfn.TEXTBEFORE(_xlfn.TEXTAFTER(A10, "rspathAtt-"), "]") & "]]" | E10: =_xlfn.TEXTBEFORE(_xlfn.TEXTAFTER(D10, "pod-"), "/") | F10: =_xlfn.TEXTBEFORE(_xlfn.TEXTAFTER(D10, "paths-"), "/") | G10: =_xlfn.TEXTBEFORE(_xlfn.TEXTAFTER(D10, "pathep-["), "]") | H10: =_xlfn.CONCAT(F10,G10) | I10: vlan-63 | J10: untagged
A11: uni/tn-TELCEL_TELCO_NETWORK/ap-AP_telcel_ipcorp/epg-EPG_VLAN_63/rspathAtt-[topology/p | B11: =_xlfn.TEXTBEFORE(_xlfn.TEXTAFTER(A11, "ap-"), "/") | C11: =_xlfn.TEXTBEFORE(_xlfn.TEXTAFTER(A11, "epg-"), "/") | D11: =_xlfn.TEXTBEFORE(_xlfn.TEXTAFTER(A11, "rspathAtt-"), "]") & "]]" | E11: =_xlfn.TEXTBEFORE(_xlfn.TEXTAFTER(D11, "pod-"), "/") | F11: =_xlfn.TEXTBEFORE(_xlfn.TEXTAFTER(D11, "paths-"), "/") | G11: =_xlfn.TEXTBEFORE(_xlfn.TEXTAFTER(D11, "pathep-["), "]") | H11: =_xlfn.CONCAT(F11,G11) | I11: vlan-63 | J11: untagged
A12: uni/tn-TELCEL_TELCO_NETWORK/ap-AP_telcel_ipcorp/epg-EPG_VLAN_63/rspathAtt-[topology/p | B12: =_xlfn.TEXTBEFORE(_xlfn.TEXTAFTER(A12, "ap-"), "/") | C12: =_xlfn.TEXTBEFORE(_xlfn.TEXTAFTER(A12, "epg-"), "/") | D12: =_xlfn.TEXTBEFORE(_xlfn.TEXTAFTER(A12, "rspathAtt-"), "]") & "]]" | E12: =_xlfn.TEXTBEFORE(_xlfn.TEXTAFTER(D12, "pod-"), "/") | F12: =_xlfn.TEXTBEFORE(_xlfn.TEXTAFTER(D12, "paths-"), "/") | G12: =_xlfn.TEXTBEFORE(_xlfn.TEXTAFTER(D12, "pathep-["), "]") | H12: =_xlfn.CONCAT(F12,G12) | I12: vlan-63 | J12: untagged
A13: uni/tn-TELCEL_TELCO_NETWORK/ap-AP_telcel_ipcorp/epg-EPG_VLAN_63/rspathAtt-[topology/p | B13: =_xlfn.TEXTBEFORE(_xlfn.TEXTAFTER(A13, "ap-"), "/") | C13: =_xlfn.TEXTBEFORE(_xlfn.TEXTAFTER(A13, "epg-"), "/") | D13: =_xlfn.TEXTBEFORE(_xlfn.TEXTAFTER(A13, "rspathAtt-"), "]") & "]]" | E13: =_xlfn.TEXTBEFORE(_xlfn.TEXTAFTER(D13, "pod-"), "/") | F13: =_xlfn.TEXTBEFORE(_xlfn.TEXTAFTER(D13, "paths-"), "/") | G13: =_xlfn.TEXTBEFORE(_xlfn.TEXTAFTER(D13, "pathep-["), "]") | H13: =_xlfn.CONCAT(F13,G13) | I13: vlan-63 | J13: regular
... A154: uni/tn-TELCEL_TELCO_NETWORK/ap-AP_Voz_Nb_Ericsson/epg-EPG_VLAN_600/rspathAtt-[topolog | B154: =_xlfn.TEXTBEFORE(_xlfn.TEXTAFTER(A154, "ap-"), "/") | C154: =_xlfn.TEXTBEFORE(_xlfn.TEXTAFTER(A154, "epg-"), "/") | D154: =_xlfn.TEXTBEFORE(_xlfn.TEXTAFTER(A154, "rspathAtt-"), "]") & "]]" | E154: =_xlfn.TEXTBEFORE(_xlfn.TEXTAFTER(D154, "pod-"), "/") | F154: =_xlfn.TEXTBEFORE(_xlfn.TEXTAFTER(D154, "paths-"), "/") | G154: =_xlfn.TEXTBEFORE(_xlfn.TEXTAFTER(D154, "pathep-["), "]") | H154: =_xlfn.CONCAT(F154,G154) | I154: vlan-600 | J154: regular

Sheet PORTS_
A1: concat | B1: node | C1: port | D1: duplex | E1: oper speed | F1: oper state | G1: oper st qual | H1: pod | I1: dn | J1: MODEL
A2: =_xlfn.CONCAT(B2,C2) | B2: =_xlfn.TEXTBEFORE(_xlfn.TEXTAFTER(I2, "node-"), "/") | C2: =_xlfn.TEXTBEFORE(_xlfn.TEXTAFTER(I2, "phys-["), "]") | D2: Unknown | E2: Unknown | F2: down | G2: sfp-missing | H2: =_xlfn.TEXTBEFORE(_xlfn.TEXTAFTER(I2, "pod-"), "/") | I2: topology/pod-1/node-101/sys/phys-[eth1/33]/phys | J2: =VLOOKUP(VALUE(Table6[[#This Row],[node]]), LEAF_INFO!B:I, 7, 0)
A3: =_xlfn.CONCAT(B3,C3) | B3: =_xlfn.TEXTBEFORE(_xlfn.TEXTAFTER(I3, "node-"), "/") | C3: =_xlfn.TEXTBEFORE(_xlfn.TEXTAFTER(I3, "phys-["), "]") | D3: Unknown | E3: Unknown | F3: down | G3: sfp-missing | H3: =_xlfn.TEXTBEFORE(_xlfn.TEXTAFTER(I3, "pod-"), "/") | I3: topology/pod-1/node-101/sys/phys-[eth1/34]/phys | J3: =VLOOKUP(VALUE(Table6[[#This Row],[node]]), LEAF_INFO!B:I, 7, 0)
A4: =_xlfn.CONCAT(B4,C4) | B4: =_xlfn.TEXTBEFORE(_xlfn.TEXTAFTER(I4, "node-"), "/") | C4: =_xlfn.TEXTBEFORE(_xlfn.TEXTAFTER(I4, "phys-["), "]") | D4: Unknown | E4: Unknown | F4: down | G4: sfp-missing | H4: =_xlfn.TEXTBEFORE(_xlfn.TEXTAFTER(I4, "pod-"), "/") | I4: topology/pod-1/node-101/sys/phys-[eth1/35]/phys | J4: =VLOOKUP(VALUE(Table6[[#This Row],[node]]), LEAF_INFO!B:I, 7, 0)
A5: =_xlfn.CONCAT(B5,C5) | B5: =_xlfn.TEXTBEFORE(_xlfn.TEXTAFTER(I5, "node-"), "/") | C5: =_xlfn.TEXTBEFORE(_xlfn.TEXTAFTER(I5, "phys-["), "]") | D5: Unknown | E5: Unknown | F5: up | G5: none | H5: =_xlfn.TEXTBEFORE(_xlfn.TEXTAFTER(I5, "pod-"), "/") | I5: topology/pod-1/node-101/sys/phys-[eth1/36]/phys | J5: =VLOOKUP(VALUE(Table6[[#This Row],[node]]), LEAF_INFO!B:I, 7, 0)
A6: =_xlfn.CONCAT(B6,C6) | B6: =_xlfn.TEXTBEFORE(_xlfn.TEXTAFTER(I6, "node-"), "/") | C6: =_xlfn.TEXTBEFORE(_xlfn.TEXTAFTER(I6, "phys-["), "]") | D6: Unknown | E6: Unknown | F6: down | G6: sfp-missing | H6: =_xlfn.TEXTBEFORE(_xlfn.TEXTAFTER(I6, "pod-"), "/") | I6: topology/pod-1/node-101/sys/phys-[eth1/37]/phys | J6: =VLOOKUP(VALUE(Table6[[#This Row],[node]]), LEAF_INFO!B:I, 7, 0)
A7: =_xlfn.CONCAT(B7,C7) | B7: =_xlfn.TEXTBEFORE(_xlfn.TEXTAFTER(I7, "node-"), "/") | C7: =_xlfn.TEXTBEFORE(_xlfn.TEXTAFTER(I7, "phys-["), "]") | D7: Unknown | E7: Unknown | F7: up | G7: none | H7: =_xlfn.TEXTBEFORE(_xlfn.TEXTAFTER(I7, "pod-"), "/") | I7: topology/pod-1/node-101/sys/phys-[eth1/38]/phys | J7: =VLOOKUP(VALUE(Table6[[#This Row],[node]]), LEAF_INFO!B:I, 7, 0)
A8: =_xlfn.CONCAT(B8,C8) | B8: =_xlfn.TEXTBEFORE(_xlfn.TEXTAFTER(I8, "node-"), "/") | C8: =_xlfn.TEXTBEFORE(_xlfn.TEXTAFTER(I8, "phys-["), "]") | D8: Unknown | E8: Unknown | F8: down | G8: sfp-missing | H8: =_xlfn.TEXTBEFORE(_xlfn.TEXTAFTER(I8, "pod-"), "/") | I8: topology/pod-1/node-101/sys/phys-[eth1/39]/phys | J8: =VLOOKUP(VALUE(Table6[[#This Row],[node]]), LEAF_INFO!B:I, 7, 0)
A9: =_xlfn.CONCAT(B9,C9) | B9: =_xlfn.TEXTBEFORE(_xlfn.TEXTAFTER(I9, "node-"), "/") | C9: =_xlfn.TEXTBEFORE(_xlfn.TEXTAFTER(I9, "phys-["), "]") | D9: Unknown | E9: Unknown | F9: up | G9: none | H9: =_xlfn.TEXTBEFORE(_xlfn.TEXTAFTER(I9, "pod-"), "/") | I9: topology/pod-1/node-101/sys/phys-[eth1/40]/phys | J9: =VLOOKUP(VALUE(Table6[[#This Row],[node]]), LEAF_INFO!B:I, 7, 0)
A10: =_xlfn.CONCAT(B10,C10) | B10: =_xlfn.TEXTBEFORE(_xlfn.TEXTAFTER(I10, "node-"), "/") | C10: =_xlfn.TEXTBEFORE(_xlfn.TEXTAFTER(I10, "phys-["), "]") | D10: Unknown | E10: Unknown | F10: up | G10: none | H10: =_xlfn.TEXTBEFORE(_xlfn.TEXTAFTER(I10, "pod-"), "/") | I10: topology/pod-1/node-101/sys/phys-[eth1/41]/phys | J10: =VLOOKUP(VALUE(Table6[[#This Row],[node]]), LEAF_INFO!B:I, 7, 0)
A11: =_xlfn.CONCAT(B11,C11) | B11: =_xlfn.TEXTBEFORE(_xlfn.TEXTAFTER(I11, "node-"), "/") | C11: =_xlfn.TEXTBEFORE(_xlfn.TEXTAFTER(I11, "phys-["), "]") | D11: Unknown | E11: Unknown | F11: down | G11: admin-down | H11: =_xlfn.TEXTBEFORE(_xlfn.TEXTAFTER(I11, "pod-"), "/") | I11: topology/pod-1/node-101/sys/phys-[eth1/42]/phys | J11: =VLOOKUP(VALUE(Table6[[#This Row],[node]]), LEAF_INFO!B:I, 7, 0)
A12: =_xlfn.CONCAT(B12,C12) | B12: =_xlfn.TEXTBEFORE(_xlfn.TEXTAFTER(I12, "node-"), "/") | C12: =_xlfn.TEXTBEFORE(_xlfn.TEXTAFTER(I12, "phys-["), "]") | D12: Unknown | E12: Unknown | F12: down | G12: admin-down | H12: =_xlfn.TEXTBEFORE(_xlfn.TEXTAFTER(I12, "pod-"), "/") | I12: topology/pod-1/node-101/sys/phys-[eth1/43]/phys | J12: =VLOOKUP(VALUE(Table6[[#This Row],[node]]), LEAF_INFO!B:I, 7, 0)
A13: =_xlfn.CONCAT(B13,C13) | B13: =_xlfn.TEXTBEFORE(_xlfn.TEXTAFTER(I13, "node-"), "/") | C13: =_xlfn.TEXTBEFORE(_xlfn.TEXTAFTER(I13, "phys-["), "]") | D13: Unknown | E13: Unknown | F13: down | G13: sfp-missing | H13: =_xlfn.TEXTBEFORE(_xlfn.TEXTAFTER(I13, "pod-"), "/") | I13: topology/pod-1/node-101/sys/phys-[eth1/44]/phys | J13: =VLOOKUP(VALUE(Table6[[#This Row],[node]]), LEAF_INFO!B:I, 7, 0)
... A285: =_xlfn.CONCAT(B285,C285) | B285: =_xlfn.TEXTBEFORE(_xlfn.TEXTAFTER(I285, "node-"), "/") | C285: =_xlfn.TEXTBEFORE(_xlfn.TEXTAFTER(I285, "phys-["), "]") | D285: Unknown | E285: Unknown | F285: down | G285: admin-down | H285: =_xlfn.TEXTBEFORE(_xlfn.TEXTAFTER(I285, "pod-"), "/") | I285: topology/pod-1/node-152/sys/phys-[eth1/32]/phys | J285: =VLOOKUP(VALUE(Table6[[#This Row],[node]]), LEAF_INFO!B:I, 7, 0)
